"term"	"Estimate"	"Est.Error"	"l-95% CI"	"u-95% CI"	"Rhat"	"Bulk_ESS"	"filename"	"universal_code"	"crosszero"	"brms_support"	"Domain_general"	"Universal.shorter"
"fixed_intercept"	-0.6257917	0.06103037	-0.7450009	-0.5090942	1.000583	3876.506	"results/0001_or_2aKA/brms.single/summary_clean_uncontrolled.txt"	"0001_or_2aKA"	FALSE	"yes (supported, 95% CI excludes zero)"	"narrow word order"	"Adp-N ⇒ N-Gen"
"fixed_V3"	2.6813225	0.13102055	2.4336596	2.9443785	1.003234	2830.679	"results/0001_or_2aKA/brms.single/summary_clean_uncontrolled.txt"	"0001_or_2aKA"	FALSE	"yes (supported, 95% CI excludes zero)"	"narrow word order"	"Adp-N ⇒ N-Gen"
"fixed_intercept"	-1.109596	0.07191794	-1.254372	-0.9694679	1.001129	3485.713	"results/0001_or_2bKA/brms.single/summary_clean_uncontrolled.txt"	"0001_or_2bKA"	FALSE	"yes (supported, 95% CI excludes zero)"	"narrow word order"	"N-Adp ⇒ Gen-N"
"fixed_V3"	2.312306	0.10629549	2.101443	2.5188962	1.000963	3190.42	"results/0001_or_2bKA/brms.single/summary_clean_uncontrolled.txt"	"0001_or_2bKA"	FALSE	"yes (supported, 95% CI excludes zero)"	"narrow word order"	"N-Adp ⇒ Gen-N"
"fixed_intercept"	-0.4020654	0.07596391	-0.5502594	-0.2517271	1.001191	3383.547	"results/0005KA/brms.single/summary_clean_uncontrolled.txt"	"0005KA"	FALSE	"yes (supported, 95% CI excludes zero)"	"narrow word order"	"SOV & N-Gen ⇒ N-Adj"
"fixed_V3"	-0.7359944	0.10332761	-0.9372931	-0.534456	1.001053	3142.418	"results/0005KA/brms.single/summary_clean_uncontrolled.txt"	"0005KA"	FALSE	"yes (supported, 95% CI excludes zero)"	"narrow word order"	"SOV & N-Gen ⇒ N-Adj"
"fixed_intercept"	-1.325402	0.0972203	-1.517158	-1.137238	1.001545	2834.431	"results/0008KA/brms.single/summary_clean_uncontrolled.txt"	"0008KA"	FALSE	"yes (supported, 95% CI excludes zero)"	"broad word order"	"SOV|OSV ⇒ case"
"fixed_V3"	1.262375	0.1135071	1.04328	1.485433	1.001169	3146.344	"results/0008KA/brms.single/summary_clean_uncontrolled.txt"	"0008KA"	FALSE	"yes (supported, 95% CI excludes zero)"	"broad word order"	"SOV|OSV ⇒ case"
"fixed_intercept"	0.9536955	0.06452562	0.8286789	1.080497	1.000319	3532.629	"results/0015aKA/brms.single/summary_clean_uncontrolled.txt"	"0015aKA"	FALSE	"yes (supported, 95% CI excludes zero)"	"narrow word order"	"OV ⇒ V-Mod"
"fixed_V3"	1.8342881	0.16558727	1.5127732	2.170773	1.00479	2361.587	"results/0015aKA/brms.single/summary_clean_uncontrolled.txt"	"0015aKA"	FALSE	"yes (supported, 95% CI excludes zero)"	"narrow word order"	"OV ⇒ V-Mod"
"fixed_intercept"	-0.07474924	0.05871005	-0.1897303	0.04147104	1.001096	3242.657	"results/0015bKA/brms.single/summary_clean_uncontrolled.txt"	"0015bKA"	TRUE	"no (not supported, 95% CI does not exclude zero)"	"narrow word order"	"VO ⇒ Mod-V"
"fixed_V3"	0.91993309	0.10117545	0.7221502	1.11783712	1.001156	2785.2	"results/0015bKA/brms.single/summary_clean_uncontrolled.txt"	"0015bKA"	FALSE	"yes (supported, 95% CI excludes zero)"	"narrow word order"	"VO ⇒ Mod-V"
"fixed_intercept"	-1.478853	0.09312506	-1.658206	-1.295099	1.001436	2971.674	"results/0045KA/brms.single/summary_clean_uncontrolled.txt"	"0045KA"	FALSE	"yes (supported, 95% CI excludes zero)"	"hierarchy"	"Obj index ⇒ Sbj index"
"fixed_V3"	2.227375	0.11286702	2.006999	2.449313	1.001339	3029.678	"results/0045KA/brms.single/summary_clean_uncontrolled.txt"	"0045KA"	FALSE	"yes (supported, 95% CI excludes zero)"	"hierarchy"	"Obj index ⇒ Sbj index"
"fixed_intercept"	-2.848261	0.1503785	-3.146486	-2.559756	1.002967	1880.586	"results/0055KA/brms.single/summary_clean_uncontrolled.txt"	"0055KA"	FALSE	"yes (supported, 95% CI excludes zero)"	"narrow word order"	"VSO ⇒ Adp-N"
"fixed_V3"	1.486811	0.1674333	1.170539	1.819045	1.002514	1991.933	"results/0055KA/brms.single/summary_clean_uncontrolled.txt"	"0055KA"	FALSE	"yes (supported, 95% CI excludes zero)"	"narrow word order"	"VSO ⇒ Adp-N"
"fixed_intercept"	-1.5283896	0.0942513	-1.717367	-1.3455548	1.000651	3659.662	"results/0056KA/brms.single/summary_clean_uncontrolled.txt"	"0056KA"	FALSE	"yes (supported, 95% CI excludes zero)"	"narrow word order"	"VSO ⇒ N-Adj"
"fixed_V3"	-0.6280872	0.1376616	-0.899609	-0.3625015	1.00097	3287.224	"results/0056KA/brms.single/summary_clean_uncontrolled.txt"	"0056KA"	FALSE	"yes (supported, 95% CI excludes zero)"	"narrow word order"	"VSO ⇒ N-Adj"
"fixed_intercept"	-2.447208	0.1128072	-2.67641	-2.234236	1.001475	1688.703	"results/0057aKA/brms.single/summary_clean_uncontrolled.txt"	"0057aKA"	FALSE	"yes (supported, 95% CI excludes zero)"	"narrow word order"	"Adj-N ⇒ Num-N"
"fixed_V3"	2.351409	0.1369069	2.088589	2.619221	1.001693	2095.695	"results/0057aKA/brms.single/summary_clean_uncontrolled.txt"	"0057aKA"	FALSE	"yes (supported, 95% CI excludes zero)"	"narrow word order"	"Adj-N ⇒ Num-N"
"fixed_intercept"	-2.442198	0.1109878	-2.6606900000000002	-2.231195	1.002418	1737.825	"results/0057bKA/brms.single/summary_clean_uncontrolled.txt"	"0057bKA"	FALSE	"yes (supported, 95% CI excludes zero)"	"narrow word order"	"Adj-N ⇒ Dem-N"
"fixed_V3"	2.294941	0.1336372	2.040221	2.563473	1.000669	2024.039	"results/0057bKA/brms.single/summary_clean_uncontrolled.txt"	"0057bKA"	FALSE	"yes (supported, 95% CI excludes zero)"	"narrow word order"	"Adj-N ⇒ Dem-N"
"fixed_intercept"	-1.247157	0.07194307	-1.389171	-1.107026	1.001939	3234.398	"results/0062aKA/brms.single/summary_clean_uncontrolled.txt"	"0062aKA"	FALSE	"yes (supported, 95% CI excludes zero)"	"narrow word order"	"Rel-N ⇒ Adj-N"
"fixed_V3"	1.492988	0.13066519	1.239009	1.745081	1.001481	3155.973	"results/0062aKA/brms.single/summary_clean_uncontrolled.txt"	"0062aKA"	FALSE	"yes (supported, 95% CI excludes zero)"	"narrow word order"	"Rel-N ⇒ Adj-N"
"fixed_intercept"	-1.9615	0.1139338	-2.188342	-1.74546	1.000462	2266.085	"results/0062bKA/brms.single/summary_clean_uncontrolled.txt"	"0062bKA"	FALSE	"yes (supported, 95% CI excludes zero)"	"narrow word order"	"Rel-N ⇒ N-Adp"
"fixed_V3"	2.073952	0.139805	1.804002	2.349073	1.000912	2473.123	"results/0062bKA/brms.single/summary_clean_uncontrolled.txt"	"0062bKA"	FALSE	"yes (supported, 95% CI excludes zero)"	"narrow word order"	"Rel-N ⇒ N-Adp"
"fixed_intercept"	-3.256926	0.1666235	-3.582118	-2.946615	1.001635	1564.846	"results/0065_or_66KA/brms.single/summary_clean_uncontrolled.txt"	"0065_or_66KA"	FALSE	"yes (supported, 95% CI excludes zero)"	"narrow word order"	"SOV & Adj-N ⇒ Gen-N"
"fixed_V3"	2.109203	0.1856072	1.753013	2.48273	1.001428	1695.109	"results/0065_or_66KA/brms.single/summary_clean_uncontrolled.txt"	"0065_or_66KA"	FALSE	"yes (supported, 95% CI excludes zero)"	"narrow word order"	"SOV & Adj-N ⇒ Gen-N"
"fixed_intercept"	-3.538917	0.1878377	-3.933168	-3.18901	1.000888	1631.754	"results/0067_or_68KA/brms.single/summary_clean_uncontrolled.txt"	"0067_or_68KA"	FALSE	"yes (supported, 95% CI excludes zero)"	"narrow word order"	"VSO & N-Adj ⇒ N-Gen"
"fixed_V3"	1.4616	0.224566	1.030307	1.909791	1.000868	1717.349	"results/0067_or_68KA/brms.single/summary_clean_uncontrolled.txt"	"0067_or_68KA"	FALSE	"yes (supported, 95% CI excludes zero)"	"narrow word order"	"VSO & N-Adj ⇒ N-Gen"
"fixed_intercept"	-1.318727	0.07366591	-1.464297	-1.173081	1.001389	3248.674	"results/0069KA/brms.single/summary_clean_uncontrolled.txt"	"0069KA"	FALSE	"yes (supported, 95% CI excludes zero)"	"narrow word order"	"Adp-N & N-Adj ⇒ N-Gen"
"fixed_V3"	2.026816	0.10969777	1.811201	2.237507	1.000744	3460.852	"results/0069KA/brms.single/summary_clean_uncontrolled.txt"	"0069KA"	FALSE	"yes (supported, 95% CI excludes zero)"	"narrow word order"	"Adp-N & N-Adj ⇒ N-Gen"
"fixed_intercept"	-3.6887926	0.2025522	-4.099644	-3.308251	1.001595	2093.984	"results/0070KA/brms.single/summary_clean_uncontrolled.txt"	"0070KA"	FALSE	"yes (supported, 95% CI excludes zero)"	"narrow word order"	"Adp-N & no SVO & N-Adj ⇒ N-Gen"
"fixed_V3"	0.9555954	0.2558556	0.42668	1.454931	1.001936	2337.677	"results/0070KA/brms.single/summary_clean_uncontrolled.txt"	"0070KA"	FALSE	"yes (supported, 95% CI excludes zero)"	"narrow word order"	"Adp-N & no SVO & N-Adj ⇒ N-Gen"
"fixed_intercept"	-2.900894	0.1528704	-3.202272	-2.627782	1.000658	1746.49	"results/0071KA/brms.single/summary_clean_uncontrolled.txt"	"0071KA"	FALSE	"yes (supported, 95% CI excludes zero)"	"narrow word order"	"N-Adp & Adj-N ⇒ Gen-N"
"fixed_V3"	1.896803	0.1720256	1.576871	2.243588	1.00099	1975.091	"results/0071KA/brms.single/summary_clean_uncontrolled.txt"	"0071KA"	FALSE	"yes (supported, 95% CI excludes zero)"	"narrow word order"	"N-Adp & Adj-N ⇒ Gen-N"
"fixed_intercept"	-1.658391	0.1012651	-1.858414	-1.465471	1.000554	2485.549	"results/0072KA/brms.single/summary_clean_uncontrolled.txt"	"0072KA"	FALSE	"yes (supported, 95% CI excludes zero)"	"narrow word order"	"Adp-N & N-Dem ⇒ N-Adj"
"fixed_V3"	1.7348190000000001	0.1201856	1.50454	1.972201	1.00099	2571.891	"results/0072KA/brms.single/summary_clean_uncontrolled.txt"	"0072KA"	FALSE	"yes (supported, 95% CI excludes zero)"	"narrow word order"	"Adp-N & N-Dem ⇒ N-Adj"
"fixed_intercept"	-1.321052	0.09196911	-1.500875	-1.135219	1.000532	2571.887	"results/0073KA/brms.single/summary_clean_uncontrolled.txt"	"0073KA"	FALSE	"yes (supported, 95% CI excludes zero)"	"narrow word order"	"N-Dem ⇒ N-Adj"
"fixed_V3"	2.070244	0.11161282	1.854176	2.29415	1.000789	2939.828	"results/0073KA/brms.single/summary_clean_uncontrolled.txt"	"0073KA"	FALSE	"yes (supported, 95% CI excludes zero)"	"narrow word order"	"N-Dem ⇒ N-Adj"
"fixed_intercept"	-2.016233	0.1185719	-2.243645	-1.789185	1.000411	2370.475	"results/0074KA/brms.single/summary_clean_uncontrolled.txt"	"0074KA"	FALSE	"yes (supported, 95% CI excludes zero)"	"narrow word order"	"Adp-N & N-Num ⇒ N-Adj"
"fixed_V3"	1.772603	0.1344126	1.507719	2.037058	1.000628	2706.567	"results/0074KA/brms.single/summary_clean_uncontrolled.txt"	"0074KA"	FALSE	"yes (supported, 95% CI excludes zero)"	"narrow word order"	"Adp-N & N-Num ⇒ N-Adj"
"fixed_intercept"	-1.128075	0.08655647	-1.29955	-0.962459	1.000799	3295.194	"results/0075KA/brms.single/summary_clean_uncontrolled.txt"	"0075KA"	FALSE	"yes (supported, 95% CI excludes zero)"	"narrow word order"	"N-Num ⇒ N-Adj"
"fixed_V3"	1.996131	0.1074161	1.780089	2.206792	1.001461	3552.628	"results/0075KA/brms.single/summary_clean_uncontrolled.txt"	"0075KA"	FALSE	"yes (supported, 95% CI excludes zero)"	"narrow word order"	"N-Num ⇒ N-Adj"
"fixed_intercept"	-0.7440373	0.08775441	-0.9112949	-0.5752157	1.000335	3651.403	"results/0084KA/brms.single/summary_clean_uncontrolled.txt"	"0084KA"	FALSE	"yes (supported, 95% CI excludes zero)"	"hierarchy"	"verb agr ⇒ agr S"
"fixed_V3"	1.7528902	0.11399868	1.5328903	1.9705788	1.001103	3261.314	"results/0084KA/brms.single/summary_clean_uncontrolled.txt"	"0084KA"	FALSE	"yes (supported, 95% CI excludes zero)"	"hierarchy"	"verb agr ⇒ agr S"
"fixed_intercept"	-3.219511	0.3289412	-3.90616	-2.624295	1.002298	1765.254	"results/0087KA/brms.single/summary_clean_uncontrolled.txt"	"0087KA"	FALSE	"yes (supported, 95% CI excludes zero)"	"narrow word order"	"Adp-N & N-Dem ⇒ N-Rel"
"fixed_V3"	3.056695	0.3353617	2.459876	3.74995	1.001898	1851.757	"results/0087KA/brms.single/summary_clean_uncontrolled.txt"	"0087KA"	FALSE	"yes (supported, 95% CI excludes zero)"	"narrow word order"	"Adp-N & N-Dem ⇒ N-Rel"
"fixed_intercept"	-1.498975	0.1585334	-1.821646	-1.197464	1.000784	2810.907	"results/0088KA/brms.single/summary_clean_uncontrolled.txt"	"0088KA"	FALSE	"yes (supported, 95% CI excludes zero)"	"narrow word order"	"N-Dem ⇒ N-Rel"
"fixed_V3"	1.769296	0.1702802	1.447082	2.114248	1.000835	2970.603	"results/0088KA/brms.single/summary_clean_uncontrolled.txt"	"0088KA"	FALSE	"yes (supported, 95% CI excludes zero)"	"narrow word order"	"N-Dem ⇒ N-Rel"
"fixed_intercept"	-2.801877	0.2630282	-3.342506	-2.316392	1.00304	2157.24	"results/0091KA/brms.single/summary_clean_uncontrolled.txt"	"0091KA"	FALSE	"yes (supported, 95% CI excludes zero)"	"narrow word order"	"Adp-N & N-Adj ⇒ N-Rel"
"fixed_V3"	2.706237	0.2683704	2.198722	3.253801	1.00306	2292.575	"results/0091KA/brms.single/summary_clean_uncontrolled.txt"	"0091KA"	FALSE	"yes (supported, 95% CI excludes zero)"	"narrow word order"	"Adp-N & N-Adj ⇒ N-Rel"
"fixed_intercept"	-4.451167	0.2369278	-4.947023	-4.015229	1.002464	1450.188	"results/0093KA/brms.single/summary_clean_uncontrolled.txt"	"0093KA"	FALSE	"yes (supported, 95% CI excludes zero)"	"hierarchy"	"gender 2SG ⇒ gender 3SG"
"fixed_V3"	3.017816	0.267564	2.520169	3.575324	1.003235	1469.368	"results/0093KA/brms.single/summary_clean_uncontrolled.txt"	"0093KA"	FALSE	"yes (supported, 95% CI excludes zero)"	"hierarchy"	"gender 2SG ⇒ gender 3SG"
"fixed_intercept"	-2.077667	0.1184195	-2.313339	-1.850754	1.001502	1927.118	"results/0095aKA/brms.single/summary_clean_uncontrolled.txt"	"0095aKA"	FALSE	"yes (supported, 95% CI excludes zero)"	"narrow word order"	"N-Adp & (Adj-N|Rel-N) ⇒ Dem-N"
"fixed_V3"	2.248217	0.1468339	1.969741	2.543821	1.001374	2236.014	"results/0095aKA/brms.single/summary_clean_uncontrolled.txt"	"0095aKA"	FALSE	"yes (supported, 95% CI excludes zero)"	"narrow word order"	"N-Adp & (Adj-N|Rel-N) ⇒ Dem-N"
"fixed_intercept"	-1.2960979	0.08587618	-1.467199	-1.128201	1.001587	2876.474	"results/0095bKA/brms.single/summary_clean_uncontrolled.txt"	"0095bKA"	FALSE	"yes (supported, 95% CI excludes zero)"	"narrow word order"	"N-Adp & (Adj-N|Rel-N) ⇒ Num-N"
"fixed_V3"	0.9042121	0.12528305	0.661345	1.149215	1.001258	3073.462	"results/0095bKA/brms.single/summary_clean_uncontrolled.txt"	"0095bKA"	FALSE	"yes (supported, 95% CI excludes zero)"	"narrow word order"	"N-Adp & (Adj-N|Rel-N) ⇒ Num-N"
"fixed_intercept"	-2.452908	0.1443328	-2.747965	-2.186215	1.003067	1872.379	"results/0096KA/brms.single/summary_clean_uncontrolled.txt"	"0096KA"	FALSE	"yes (supported, 95% CI excludes zero)"	"narrow word order"	"N-Adp & (Adj-N|Rel-N) ⇒ Pron-N"
"fixed_V3"	2.662498	0.1665878	2.344937	2.994196	1.002312	2110.82	"results/0096KA/brms.single/summary_clean_uncontrolled.txt"	"0096KA"	FALSE	"yes (supported, 95% CI excludes zero)"	"narrow word order"	"N-Adp & (Adj-N|Rel-N) ⇒ Pron-N"
"fixed_intercept"	-1.092312	0.084752449999999993	-1.2636812	-0.9301845	1.000431	2483.858	"results/0101KA/brms.single/summary_clean_uncontrolled.txt"	"0101KA"	FALSE	"yes (supported, 95% CI excludes zero)"	"narrow word order"	"N-Gen ⇒ N-Adj"
"fixed_V3"	1.055924	0.10285018	0.8584397	1.2630063	1.00107	2763.312	"results/0101KA/brms.single/summary_clean_uncontrolled.txt"	"0101KA"	FALSE	"yes (supported, 95% CI excludes zero)"	"narrow word order"	"N-Gen ⇒ N-Adj"
"fixed_intercept"	-1.76933	0.1647343	-2.095515	-1.450098	1.000377	2851.664	"results/0107aKA/brms.single/summary_clean_uncontrolled.txt"	"0107aKA"	FALSE	"yes (supported, 95% CI excludes zero)"	"narrow word order"	"VO ⇒ N-Rel"
"fixed_V3"	2.637569	0.1765565	2.296415	2.988099	1.001738	3046.363	"results/0107aKA/brms.single/summary_clean_uncontrolled.txt"	"0107aKA"	FALSE	"yes (supported, 95% CI excludes zero)"	"narrow word order"	"VO ⇒ N-Rel"
"fixed_intercept"	1.5420499	0.06870526	1.4079885	1.6772033	1.000612	3077.48	"results/0107bKA/brms.single/summary_clean_uncontrolled.txt"	"0107bKA"	FALSE	"yes (supported, 95% CI excludes zero)"	"narrow word order"	"OV ⇒ Adj-N"
"fixed_V3"	-0.2057004	0.13603429	-0.4729425	0.06716549	1.001266	3194.964	"results/0107bKA/brms.single/summary_clean_uncontrolled.txt"	"0107bKA"	TRUE	"no (not supported, 95% CI does not exclude zero)"	"narrow word order"	"OV ⇒ Adj-N"
"fixed_intercept"	-0.5731606	0.06011279	-0.6934275	-0.4571067	1.0004	3809.028	"results/0107cKA/brms.single/summary_clean_uncontrolled.txt"	"0107cKA"	FALSE	"yes (supported, 95% CI excludes zero)"	"narrow word order"	"VO ⇒ N-Gen"
"fixed_V3"	2.5848116	0.12478546	2.3441792	2.8325063	1.000622	2593.155	"results/0107cKA/brms.single/summary_clean_uncontrolled.txt"	"0107cKA"	FALSE	"yes (supported, 95% CI excludes zero)"	"narrow word order"	"VO ⇒ N-Gen"
"fixed_intercept"	1.085551	0.07624307	0.9404877	1.237706	0.9998163	3327.332	"results/0108KA/brms.single/summary_clean_uncontrolled.txt"	"0108KA"	FALSE	"yes (supported, 95% CI excludes zero)"	"narrow word order"	"OV ⇒ Sent-Q"
"fixed_V3"	1.112609	0.15533475	0.818696	1.410114	1.0031045	2759.587	"results/0108KA/brms.single/summary_clean_uncontrolled.txt"	"0108KA"	FALSE	"yes (supported, 95% CI excludes zero)"	"narrow word order"	"OV ⇒ Sent-Q"
"fixed_intercept"	0.9072222	0.08982214	0.7272307	1.085379	1.001007	3340.148	"results/0110KA/brms.single/summary_clean_uncontrolled.txt"	"0110KA"	FALSE	"yes (supported, 95% CI excludes zero)"	"narrow word order"	"N-Rel ⇒ N-Adj"
"fixed_V3"	1.1906452	0.14097028	0.9151244	1.472772	1.00051	2358.359	"results/0110KA/brms.single/summary_clean_uncontrolled.txt"	"0110KA"	FALSE	"yes (supported, 95% CI excludes zero)"	"narrow word order"	"N-Rel ⇒ N-Adj"
"fixed_intercept"	0.03377846	0.07388457	-0.1136939	0.1771259	1.00091	3459.586	"results/0116KA/brms.single/summary_clean_uncontrolled.txt"	"0116KA"	TRUE	"no (not supported, 95% CI does not exclude zero)"	"hierarchy"	"case ⇒ number"
"fixed_V3"	0.67094182	0.09122668	0.4948841	0.8541181	1.002039	3277.22	"results/0116KA/brms.single/summary_clean_uncontrolled.txt"	"0116KA"	FALSE	"yes (supported, 95% CI excludes zero)"	"hierarchy"	"case ⇒ number"
"fixed_intercept"	-3.137613	0.3074314	-3.81382	-2.599313	1.001863	1843.436	"results/0121KA/brms.single/summary_clean_uncontrolled.txt"	"0121KA"	FALSE	"yes (supported, 95% CI excludes zero)"	"narrow word order"	"Adp-N & N-Num ⇒ N-Rel"
"fixed_V3"	2.607985	0.3127894	2.043861	3.284102	1.002284	2000.111	"results/0121KA/brms.single/summary_clean_uncontrolled.txt"	"0121KA"	FALSE	"yes (supported, 95% CI excludes zero)"	"narrow word order"	"Adp-N & N-Num ⇒ N-Rel"
"fixed_intercept"	-4.085376	0.3058135	-4.72686	-3.534874	1.002363	1167.171	"results/0125KA/brms.single/summary_clean_uncontrolled.txt"	"0125KA"	FALSE	"yes (supported, 95% CI excludes zero)"	"narrow word order"	"SOV & Det-N ⇒ N-Adp"
"fixed_V3"	2.674889	0.3216523	2.066826	3.340973	1.002499	1283.033	"results/0125KA/brms.single/summary_clean_uncontrolled.txt"	"0125KA"	FALSE	"yes (supported, 95% CI excludes zero)"	"narrow word order"	"SOV & Det-N ⇒ N-Adp"
"fixed_intercept"	-0.3662239	0.1221553	-0.6017587	-0.1309281	1.00017	3110.894	"results/0126nKA/brms.single/summary_clean_uncontrolled.txt"	"0126nKA"	FALSE	"yes (supported, 95% CI excludes zero)"	"narrow word order"	"N-Num ⇒ N-Rel"
"fixed_V3"	0.4823855	0.1342249	0.228863	0.7452144	1.000085	3193.19	"results/0126nKA/brms.single/summary_clean_uncontrolled.txt"	"0126nKA"	FALSE	"yes (supported, 95% CI excludes zero)"	"narrow word order"	"N-Num ⇒ N-Rel"
"fixed_intercept"	0.1612571	0.06218725	0.0399627	0.2835596	1.000561	3382.614	"results/0144KA/brms.single/summary_clean_uncontrolled.txt"	"0144KA"	FALSE	"yes (supported, 95% CI excludes zero)"	"broad word order"	"no Adj Agr ⇒ Gen-N"
"fixed_V3"	0.5868323	0.09917009	0.3938913	0.781912	1.000463	3282.852	"results/0144KA/brms.single/summary_clean_uncontrolled.txt"	"0144KA"	FALSE	"yes (supported, 95% CI excludes zero)"	"broad word order"	"no Adj Agr ⇒ Gen-N"
"fixed_intercept"	-0.1507712	0.0673003	-0.2813714	-0.0177433	1.000828	3343.523	"results/0145KA/brms.single/summary_clean_uncontrolled.txt"	"0145KA"	FALSE	"yes (supported, 95% CI excludes zero)"	"broad word order"	"SVO/VSO ⇒ V-like Pred Adj"
"fixed_V3"	0.8351771	0.1017675	0.6343419	1.0318872	1.000212	3005.72	"results/0145KA/brms.single/summary_clean_uncontrolled.txt"	"0145KA"	FALSE	"yes (supported, 95% CI excludes zero)"	"broad word order"	"SVO/VSO ⇒ V-like Pred Adj"
"fixed_intercept"	-1.429109	0.0812333	-1.5906199	-1.2728464	1.00085	2996.116	"results/0147KA/brms.single/summary_clean_uncontrolled.txt"	"0147KA"	FALSE	"yes (supported, 95% CI excludes zero)"	"broad word order"	"V-like Attr Adj ⇒ SVO"
"fixed_V3"	0.411522	0.1212238	0.1771053	0.6454645	1.002366	3000.498	"results/0147KA/brms.single/summary_clean_uncontrolled.txt"	"0147KA"	FALSE	"yes (supported, 95% CI excludes zero)"	"broad word order"	"V-like Attr Adj ⇒ SVO"
"fixed_intercept"	-4.294289	0.3387851	-5.038343	-3.701328	1.004768	1228.468	"results/0166KA/brms.single/summary_clean_uncontrolled.txt"	"0166KA"	FALSE	"yes (supported, 95% CI excludes zero)"	"hierarchy"	"pref-V Obj ⇒ V agr Sbj"
"fixed_V3"	3.11109	0.3428592	2.510136	3.866454	1.004485	1303.611	"results/0166KA/brms.single/summary_clean_uncontrolled.txt"	"0166KA"	FALSE	"yes (supported, 95% CI excludes zero)"	"hierarchy"	"pref-V Obj ⇒ V agr Sbj"
"fixed_intercept"	-1.475168	0.07555597	-1.62446	-1.330753	1.001474	2781.441	"results/0173KA/brms.single/summary_clean_uncontrolled.txt"	"0173KA"	FALSE	"yes (supported, 95% CI excludes zero)"	"narrow word order"	"Adp-N & N-Dem ⇒ N-Gen"
"fixed_V3"	2.10663	0.10693022	1.89707	2.316778	1.0012	3234.853	"results/0173KA/brms.single/summary_clean_uncontrolled.txt"	"0173KA"	FALSE	"yes (supported, 95% CI excludes zero)"	"narrow word order"	"Adp-N & N-Dem ⇒ N-Gen"
"fixed_intercept"	-1.529012	0.07744826	-1.682735	-1.374725	1.001173	2992.225	"results/0174KA/brms.single/summary_clean_uncontrolled.txt"	"0174KA"	FALSE	"yes (supported, 95% CI excludes zero)"	"narrow word order"	"Adp-N & N-Num ⇒ N-Gen"
"fixed_V3"	1.459249	0.10860704	1.242373	1.665021	1.003553	2945.208	"results/0174KA/brms.single/summary_clean_uncontrolled.txt"	"0174KA"	FALSE	"yes (supported, 95% CI excludes zero)"	"narrow word order"	"Adp-N & N-Num ⇒ N-Gen"
"fixed_intercept"	-3.467123	0.3590147	-4.205696	-2.822822	1.001561	1573.604	"results/0175KA/brms.single/summary_clean_uncontrolled.txt"	"0175KA"	FALSE	"yes (supported, 95% CI excludes zero)"	"narrow word order"	"Adp-N & N-Gen ⇒ N-Rel"
"fixed_V3"	3.2149200000000002	0.3625555	2.559728	3.960993	1.001353	1694.697	"results/0175KA/brms.single/summary_clean_uncontrolled.txt"	"0175KA"	FALSE	"yes (supported, 95% CI excludes zero)"	"narrow word order"	"Adp-N & N-Gen ⇒ N-Rel"
"fixed_intercept"	-2.870506	0.2725018	-3.457289	-2.368367	1.003457	2015.536	"results/0176KA/brms.single/summary_clean_uncontrolled.txt"	"0176KA"	FALSE	"yes (supported, 95% CI excludes zero)"	"narrow word order"	"N-Gen ⇒ N-Rel"
"fixed_V3"	2.830722	0.280028	2.311733	3.419008	1.003012	2104.477	"results/0176KA/brms.single/summary_clean_uncontrolled.txt"	"0176KA"	FALSE	"yes (supported, 95% CI excludes zero)"	"narrow word order"	"N-Gen ⇒ N-Rel"
"fixed_intercept"	-2.542642	0.1220571	-2.79531	-2.311242	1.000721	1799.697	"results/0177KA/brms.single/summary_clean_uncontrolled.txt"	"0177KA"	FALSE	"yes (supported, 95% CI excludes zero)"	"narrow word order"	"N-Adp & Dem-N ⇒ Gen-N"
"fixed_V3"	2.519711	0.1400746	2.25799	2.806671	1.001129	2189.177	"results/0177KA/brms.single/summary_clean_uncontrolled.txt"	"0177KA"	FALSE	"yes (supported, 95% CI excludes zero)"	"narrow word order"	"N-Adp & Dem-N ⇒ Gen-N"
"fixed_intercept"	-2.51872	0.1235806	-2.773292	-2.284413	1.00135	1695.99	"results/0178KA/brms.single/summary_clean_uncontrolled.txt"	"0178KA"	FALSE	"yes (supported, 95% CI excludes zero)"	"narrow word order"	"N-Adp & Num-N ⇒ Gen-N"
"fixed_V3"	1.735862	0.1428126	1.461708	2.028746	1.000384	1839.768	"results/0178KA/brms.single/summary_clean_uncontrolled.txt"	"0178KA"	FALSE	"yes (supported, 95% CI excludes zero)"	"narrow word order"	"N-Adp & Num-N ⇒ Gen-N"
"fixed_intercept"	-3.19826	0.155533	-3.506061	-2.901432	1.003243	1230.209	"results/0179aKA/brms.single/summary_clean_uncontrolled.txt"	"0179aKA"	FALSE	"yes (supported, 95% CI excludes zero)"	"hierarchy"	"gender Adj ⇒ number Adj"
"fixed_V3"	3.427175	0.1748318	3.092085	3.767683	1.003244	1303.239	"results/0179aKA/brms.single/summary_clean_uncontrolled.txt"	"0179aKA"	FALSE	"yes (supported, 95% CI excludes zero)"	"hierarchy"	"gender Adj ⇒ number Adj"
"fixed_intercept"	-2.759665	0.1329479	-3.023975	-2.504468	1.00119	2038.22	"results/0179bKA/brms.single/summary_clean_uncontrolled.txt"	"0179bKA"	FALSE	"yes (supported, 95% CI excludes zero)"	"hierarchy"	"gender Dem ⇒ number Dem"
"fixed_V3"	2.806942	0.1506657	2.519837	3.109137	1.001436	2181.386	"results/0179bKA/brms.single/summary_clean_uncontrolled.txt"	"0179bKA"	FALSE	"yes (supported, 95% CI excludes zero)"	"hierarchy"	"gender Dem ⇒ number Dem"
"fixed_intercept"	-3.782809	0.1811191	-4.147962	-3.443815	1.004937	1474.071	"results/0179cKA/brms.single/summary_clean_uncontrolled.txt"	"0179cKA"	FALSE	"yes (supported, 95% CI excludes zero)"	"hierarchy"	"gender Art ⇒ number Art"
"fixed_V3"	3.723181	0.2152077	3.306907	4.161833	1.003218	1656.364	"results/0179cKA/brms.single/summary_clean_uncontrolled.txt"	"0179cKA"	FALSE	"yes (supported, 95% CI excludes zero)"	"hierarchy"	"gender Art ⇒ number Art"
"fixed_intercept"	-2.931859	0.159879	-3.258612	-2.632614	1.002326	1420.01	"results/0183KA/brms.single/summary_clean_uncontrolled.txt"	"0183KA"	FALSE	"yes (supported, 95% CI excludes zero)"	"hierarchy"	"case Nouns ⇒ case PronN"
"fixed_V3"	3.165717	0.1714956	2.834746	3.509035	1.001853	1664.213	"results/0183KA/brms.single/summary_clean_uncontrolled.txt"	"0183KA"	FALSE	"yes (supported, 95% CI excludes zero)"	"hierarchy"	"case Nouns ⇒ case PronN"
"fixed_intercept"	-2.842586	0.5064237	-3.936157	-1.954116	1.003031	2633.008	"results/0228KA/brms.single/summary_clean_uncontrolled.txt"	"0228KA"	FALSE	"yes (supported, 95% CI excludes zero)"	"other"	"nom case ⇒ verbal infl"
"fixed_V3"	2.846266	0.508349	1.952	3.94314	1.002782	2712.579	"results/0228KA/brms.single/summary_clean_uncontrolled.txt"	"0228KA"	FALSE	"yes (supported, 95% CI excludes zero)"	"other"	"nom case ⇒ verbal infl"
"fixed_intercept"	-0.3034669	0.0631873	-0.4312638	-0.1814769	1.000604	3329.804	"results/0229KA/brms.single/summary_clean_uncontrolled.txt"	"0229KA"	FALSE	"yes (supported, 95% CI excludes zero)"	"hierarchy"	"nom number ⇒ nom case"
"fixed_V3"	1.12547	0.09425306	0.9399371	1.3113593	1.000738	3259.811	"results/0229KA/brms.single/summary_clean_uncontrolled.txt"	"0229KA"	FALSE	"yes (supported, 95% CI excludes zero)"	"hierarchy"	"nom number ⇒ nom case"
"fixed_intercept"	0.1393683	0.07036089	0.00338391	0.2744299	1.000464	3888.644	"results/0230aKA/brms.single/summary_clean_uncontrolled.txt"	"0230aKA"	FALSE	"yes (supported, 95% CI excludes zero)"	"broad word order"	"rigid order ⇒ no case"
"fixed_V3"	0.6186682	0.10069443	0.4205467	0.8169091	1.00171	3586.015	"results/0230aKA/brms.single/summary_clean_uncontrolled.txt"	"0230aKA"	FALSE	"yes (supported, 95% CI excludes zero)"	"broad word order"	"rigid order ⇒ no case"
"fixed_intercept"	-0.983942	0.07727523	-1.135866	-0.8378352	1.001329	3214.244	"results/0230bKA/brms.single/summary_clean_uncontrolled.txt"	"0230bKA"	FALSE	"yes (supported, 95% CI excludes zero)"	"broad word order"	"no case ⇒ Adp-N"
"fixed_V3"	1.906698	0.10402573	1.703798	2.108306	1.000997	2793.53	"results/0230bKA/brms.single/summary_clean_uncontrolled.txt"	"0230bKA"	FALSE	"yes (supported, 95% CI excludes zero)"	"broad word order"	"no case ⇒ Adp-N"
"fixed_intercept"	0.187206	0.07106646	0.05217024	0.3242442	1.000783	3896.404	"results/0230cKA/brms.single/summary_clean_uncontrolled.txt"	"0230cKA"	FALSE	"yes (supported, 95% CI excludes zero)"	"broad word order"	"rigid order ⇒ Adp-N"
"fixed_V3"	0.5227134	0.09778516	0.33088236	0.7125737	1.000599	3616.015	"results/0230cKA/brms.single/summary_clean_uncontrolled.txt"	"0230cKA"	FALSE	"yes (supported, 95% CI excludes zero)"	"broad word order"	"rigid order ⇒ Adp-N"
"fixed_intercept"	-0.7562119	0.07137479	-0.8939913	-0.6147862	1.000624	3110.446	"results/0230dKA/brms.single/summary_clean_uncontrolled.txt"	"0230dKA"	FALSE	"yes (supported, 95% CI excludes zero)"	"broad word order"	"free order ⇒ case"
"fixed_V3"	0.6172623	0.10215763	0.4171596	0.8141296	1.002027	3142.293	"results/0230dKA/brms.single/summary_clean_uncontrolled.txt"	"0230dKA"	FALSE	"yes (supported, 95% CI excludes zero)"	"broad word order"	"free order ⇒ case"
"fixed_intercept"	-2.100752	0.1007581	-2.304428	-1.907546	1.001788	2126.698	"results/0230eKA/brms.single/summary_clean_uncontrolled.txt"	"0230eKA"	FALSE	"yes (supported, 95% CI excludes zero)"	"broad word order"	"case ⇒ no Adp-N"
"fixed_V3"	2.257792	0.1205611	2.024937	2.495311	1.001487	2442.838	"results/0230eKA/brms.single/summary_clean_uncontrolled.txt"	"0230eKA"	FALSE	"yes (supported, 95% CI excludes zero)"	"broad word order"	"case ⇒ no Adp-N"
"fixed_intercept"	-0.7095171	0.06880165	-0.844586	-0.5781035	1.000475	3289.149	"results/0230fKA/brms.single/summary_clean_uncontrolled.txt"	"0230fKA"	FALSE	"yes (supported, 95% CI excludes zero)"	"broad word order"	"free order ⇒ no Adp-N"
"fixed_V3"	0.5209606	0.09986475	0.3266369	0.7172506	1.0007490000000001	3280.517	"results/0230fKA/brms.single/summary_clean_uncontrolled.txt"	"0230fKA"	FALSE	"yes (supported, 95% CI excludes zero)"	"broad word order"	"free order ⇒ no Adp-N"
"fixed_intercept"	1.1345307	0.07868575	0.981025045	1.2929112	1.000364	3571.319	"results/0231aKA/brms.single/summary_clean_uncontrolled.txt"	"0231aKA"	FALSE	"yes (supported, 95% CI excludes zero)"	"broad word order"	"rigid|no case ⇒ grad adj word"
"fixed_V3"	0.2153179	0.11647748	-0.005199659	0.4503264	1.000117	3456.363	"results/0231aKA/brms.single/summary_clean_uncontrolled.txt"	"0231aKA"	TRUE	"no (not supported, 95% CI does not exclude zero)"	"broad word order"	"rigid|no case ⇒ grad adj word"
"fixed_intercept"	0.5304542	0.07557558	0.3824368	0.6788925	1.000065	3393.812	"results/0231bKA/brms.single/summary_clean_uncontrolled.txt"	"0231bKA"	FALSE	"yes (supported, 95% CI excludes zero)"	"broad word order"	"free|case ⇒ gradation adj infl"
"fixed_V3"	0.9635289	0.19925746	0.5774343	1.3684978	1.001394	3223.414	"results/0231bKA/brms.single/summary_clean_uncontrolled.txt"	"0231bKA"	FALSE	"yes (supported, 95% CI excludes zero)"	"broad word order"	"free|case ⇒ gradation adj infl"
"fixed_intercept"	-0.8183451	0.06886435	-0.959148	-0.6876432	1.001163	3288.714	"results/0232KA/brms.single/summary_clean_uncontrolled.txt"	"0232KA"	FALSE	"yes (supported, 95% CI excludes zero)"	"broad word order"	"rigid & no case ⇒ def Art"
"fixed_V3"	0.5657684	0.10693543	0.3555114	0.7806864	1.001415	3195.756	"results/0232KA/brms.single/summary_clean_uncontrolled.txt"	"0232KA"	FALSE	"yes (supported, 95% CI excludes zero)"	"broad word order"	"rigid & no case ⇒ def Art"
"fixed_intercept"	-1.634527	0.09875977	-1.828207	-1.440202	1.001997	2438.485	"results/0237aKA/brms.single/summary_clean_uncontrolled.txt"	"0237aKA"	FALSE	"yes (supported, 95% CI excludes zero)"	"hierarchy"	"number adj ⇒ number noun"
"fixed_V3"	1.822228	0.11734488	1.593873	2.058594	1.001267	2757.947	"results/0237aKA/brms.single/summary_clean_uncontrolled.txt"	"0237aKA"	FALSE	"yes (supported, 95% CI excludes zero)"	"hierarchy"	"number adj ⇒ number noun"
"fixed_intercept"	-0.1515478	0.1016438	-0.3502239	0.0483232	1.001164	3501.217	"results/0238aKA/brms.single/summary_clean_uncontrolled.txt"	"0238aKA"	TRUE	"no (not supported, 95% CI does not exclude zero)"	"broad word order"	"rigid order ⇒ SV"
"fixed_V3"	0.8593604	0.1162623	0.6301226	1.0862925	1.001413	3206.449	"results/0238aKA/brms.single/summary_clean_uncontrolled.txt"	"0238aKA"	FALSE	"yes (supported, 95% CI excludes zero)"	"broad word order"	"rigid order ⇒ SV"
"fixed_intercept"	0.172689	0.07825176	0.02424547	0.3285209	1.000895	3226.918	"results/0238bKA/brms.single/summary_clean_uncontrolled.txt"	"0238bKA"	FALSE	"yes (supported, 95% CI excludes zero)"	"broad word order"	"rigid order ⇒ N-Adj"
"fixed_V3"	0.6073477	0.10507835	0.40913564	0.8145598	1.000395	3101.883	"results/0238bKA/brms.single/summary_clean_uncontrolled.txt"	"0238bKA"	FALSE	"yes (supported, 95% CI excludes zero)"	"broad word order"	"rigid order ⇒ N-Adj"
"fixed_intercept"	0.1687871	0.128433	-0.08962624	0.4103327	1.00093	3670.798	"results/0238dKA/brms.single/summary_clean_uncontrolled.txt"	"0238dKA"	TRUE	"no (not supported, 95% CI does not exclude zero)"	"broad word order"	"rigid order ⇒ N-Rel"
"fixed_V3"	0.4188531	0.1426632	0.14645223	0.6974509	1.000922	3635.402	"results/0238dKA/brms.single/summary_clean_uncontrolled.txt"	"0238dKA"	FALSE	"yes (supported, 95% CI excludes zero)"	"broad word order"	"rigid order ⇒ N-Rel"
"fixed_intercept"	-0.6421053	0.06721857	-0.7762472	-0.5144706	1.000495	3359.49	"results/0239aKA/brms.single/summary_clean_uncontrolled.txt"	"0239aKA"	FALSE	"yes (supported, 95% CI excludes zero)"	"broad word order"	"free order ⇒ case noun|Pron"
"fixed_V3"	0.6090715	0.10336528	0.4062283	0.8084425	1.001163	3592.14	"results/0239aKA/brms.single/summary_clean_uncontrolled.txt"	"0239aKA"	FALSE	"yes (supported, 95% CI excludes zero)"	"broad word order"	"free order ⇒ case noun|Pron"
"fixed_intercept"	-0.4221681	0.05635696	-0.532468	-0.3099173	1.0003592	3606.804	"results/0239bKA/brms.single/summary_clean_uncontrolled.txt"	"0239bKA"	FALSE	"yes (supported, 95% CI excludes zero)"	"broad word order"	"free ⇒ num noun adj art"
"fixed_V3"	-0.3084266	0.22991368	-0.7608636	0.1367634	0.9996372	3529.175	"results/0239bKA/brms.single/summary_clean_uncontrolled.txt"	"0239bKA"	TRUE	"no (not supported, 95% CI does not exclude zero)"	"broad word order"	"free ⇒ num noun adj art"
"fixed_intercept"	-0.4489834	0.0548624	-0.5598613	-0.3416638	1.001715	3497.665	"results/0239cKA/brms.single/summary_clean_uncontrolled.txt"	"0239cKA"	FALSE	"yes (supported, 95% CI excludes zero)"	"broad word order"	"free ⇒ gen (pro)noun adj art"
"fixed_V3"	-0.2523176	0.2430993	-0.744112	0.2202781	1.00067	3425	"results/0239cKA/brms.single/summary_clean_uncontrolled.txt"	"0239cKA"	TRUE	"no (not supported, 95% CI does not exclude zero)"	"broad word order"	"free ⇒ gen (pro)noun adj art"
"fixed_intercept"	-1.4191834	0.07510161	-1.5657091	-1.2714626	1.001063	3272.107	"results/0240aKA/brms.single/summary_clean_uncontrolled.txt"	"0240aKA"	FALSE	"yes (supported, 95% CI excludes zero)"	"broad word order"	"ergative case ⇒ Gen-N & N-Adj"
"fixed_V3"	0.4113225	0.14342588	0.1280314	0.6917003	1.000015	3274.091	"results/0240aKA/brms.single/summary_clean_uncontrolled.txt"	"0240aKA"	FALSE	"yes (supported, 95% CI excludes zero)"	"broad word order"	"ergative case ⇒ Gen-N & N-Adj"
"fixed_intercept"	-0.7871213	0.0961413	-0.9805137	-0.5967651	1.000937	3314.65	"results/0245aKA/brms.single/summary_clean_uncontrolled.txt"	"0245aKA"	FALSE	"yes (supported, 95% CI excludes zero)"	"broad word order"	"free order ⇒ infl noun"
"fixed_V3"	0.4000988	0.1110025	0.1830147	0.616362	1.00143	3260.789	"results/0245aKA/brms.single/summary_clean_uncontrolled.txt"	"0245aKA"	FALSE	"yes (supported, 95% CI excludes zero)"	"broad word order"	"free order ⇒ infl noun"
"fixed_intercept"	0.05626434	0.07744492	-0.0933029894	0.2080644	1.002113	3833.761	"results/0245bKA/brms.single/summary_clean_uncontrolled.txt"	"0245bKA"	TRUE	"no (not supported, 95% CI does not exclude zero)"	"broad word order"	"rigid & no inv ⇒ no infl noun"
"fixed_V3"	0.33058799	0.16522501	8.653376e-4	0.6505964	1.001489	3327.497	"results/0245bKA/brms.single/summary_clean_uncontrolled.txt"	"0245bKA"	FALSE	"yes (supported, 95% CI excludes zero)"	"broad word order"	"rigid & no inv ⇒ no infl noun"
"fixed_intercept"	-0.20766788	0.06279804	-0.3316986	-0.08330841	1.001641	3030.924	"results/0247KA/brms.single/summary_clean_uncontrolled.txt"	"0247KA"	FALSE	"yes (supported, 95% CI excludes zero)"	"other"	"accusative ⇒ gender"
"fixed_V3"	-0.06479473	0.10324863	-0.2674688	0.13585101	1.001385	3020.986	"results/0247KA/brms.single/summary_clean_uncontrolled.txt"	"0247KA"	TRUE	"no (not supported, 95% CI does not exclude zero)"	"other"	"accusative ⇒ gender"
"fixed_intercept"	-1.142736	0.0782598	-1.2978097	-0.9922032	1.001301	3360.598	"results/0260KA/brms.single/summary_clean_uncontrolled.txt"	"0260KA"	FALSE	"yes (supported, 95% CI excludes zero)"	"other"	"ergative ⇒ pref pers conj"
"fixed_V3"	-0.397099	0.1267957	-0.6479572	-0.1456441	1.001136	3110.033	"results/0260KA/brms.single/summary_clean_uncontrolled.txt"	"0260KA"	FALSE	"yes (supported, 95% CI excludes zero)"	"other"	"ergative ⇒ pref pers conj"
"fixed_intercept"	-1.58723	0.09502239	-1.775088	-1.403146	1.001391	2379.203	"results/0276KA/brms.single/summary_clean_uncontrolled.txt"	"0276KA"	FALSE	"yes (supported, 95% CI excludes zero)"	"hierarchy"	"num (adj|verb) ⇒ num (noun)"
"fixed_V3"	1.782343	0.11508734	1.563827	2.015033	1.000567	2626.018	"results/0276KA/brms.single/summary_clean_uncontrolled.txt"	"0276KA"	FALSE	"yes (supported, 95% CI excludes zero)"	"hierarchy"	"num (adj|verb) ⇒ num (noun)"
"fixed_intercept"	-1.620542	0.08629158	-1.787639	-1.4538740000000001	1.002089	2684.8	"results/0320KA/brms.single/summary_clean_uncontrolled.txt"	"0320KA"	FALSE	"yes (supported, 95% CI excludes zero)"	"hierarchy"	"nom/acc pron ⇒ nom/acc noun"
"fixed_V3"	2.32324	0.12367044	2.08414	2.573523	1.000927	2923.489	"results/0320KA/brms.single/summary_clean_uncontrolled.txt"	"0320KA"	FALSE	"yes (supported, 95% CI excludes zero)"	"hierarchy"	"nom/acc pron ⇒ nom/acc noun"
"fixed_intercept"	-1.644079	0.08795164	-1.811819	-1.474665	1.003369	2414.445	"results/0328KA/brms.single/summary_clean_uncontrolled.txt"	"0328KA"	FALSE	"yes (supported, 95% CI excludes zero)"	"hierarchy"	"verb agr S prefix ⇒ verb agr P"
"fixed_V3"	2.028518	0.10934883	1.815391	2.238422	1.001904	2688.131	"results/0328KA/brms.single/summary_clean_uncontrolled.txt"	"0328KA"	FALSE	"yes (supported, 95% CI excludes zero)"	"hierarchy"	"verb agr S prefix ⇒ verb agr P"
"fixed_intercept"	-0.7214862	0.08892105	-0.895566	-0.5465529	1.001518	3495.077	"results/0331aKA/brms.single/summary_clean_uncontrolled.txt"	"0331aKA"	FALSE	"yes (supported, 95% CI excludes zero)"	"hierarchy"	"S pref ⇒ O pref & no O suff (strong)"
"fixed_V3"	-0.3136023	0.10722071	-0.5298212	-0.1039066	1.000212	3247.707	"results/0331aKA/brms.single/summary_clean_uncontrolled.txt"	"0331aKA"	FALSE	"yes (supported, 95% CI excludes zero)"	"hierarchy"	"S pref ⇒ O pref & no O suff (strong)"
"fixed_intercept"	-1.352687	0.06240062	-1.478626	-1.231367	1.000731	2800.103	"results/0331bKA/brms.single/summary_clean_uncontrolled.txt"	"0331bKA"	FALSE	"yes (supported, 95% CI excludes zero)"	"hierarchy"	"S pref ⇒ O pref | O suff (weak)"
"fixed_V3"	1.534153	0.11142027	1.316655	1.752224	1.0004440000000001	2891.056	"results/0331bKA/brms.single/summary_clean_uncontrolled.txt"	"0331bKA"	FALSE	"yes (supported, 95% CI excludes zero)"	"hierarchy"	"S pref ⇒ O pref | O suff (weak)"
"fixed_intercept"	-1.254672	0.06654091	-1.3854706	-1.12359	1.001577	3280.422	"results/0332KA/brms.single/summary_clean_uncontrolled.txt"	"0332KA"	FALSE	"yes (supported, 95% CI excludes zero)"	"hierarchy"	"o suffix ⇒ s suffix"
"fixed_V3"	0.804565	0.10015057	0.6081577	1.00156	1.000497	3213.132	"results/0332KA/brms.single/summary_clean_uncontrolled.txt"	"0332KA"	FALSE	"yes (supported, 95% CI excludes zero)"	"hierarchy"	"o suffix ⇒ s suffix"
"fixed_intercept"	-2.585881	0.09166589	-2.769193	-2.410192	1.002383	2968.796	"results/0344KA/brms.single/summary_clean_uncontrolled.txt"	"0344KA"	FALSE	"yes (supported, 95% CI excludes zero)"	"narrow word order"	"VS (tr. verb) ⇒ VS (intr. verb)"
"fixed_V3"	4.526317	0.1949264	4.151477	4.9118	1.000536	2878.585	"results/0344KA/brms.single/summary_clean_uncontrolled.txt"	"0344KA"	FALSE	"yes (supported, 95% CI excludes zero)"	"narrow word order"	"VS (tr. verb) ⇒ VS (intr. verb)"
"fixed_intercept"	-1.7507585	0.1657628	-2.0856393	-1.4394617	1.000279	3540.821	"results/0356KA/brms.single/summary_clean_uncontrolled.txt"	"0356KA"	FALSE	"yes (supported, 95% CI excludes zero)"	"broad word order"	"verb agr S&P suff ⇒ SV"
"fixed_V3"	-0.1214438	0.1809027	-0.4734424	0.2374411	1.00161	3510.439	"results/0356KA/brms.single/summary_clean_uncontrolled.txt"	"0356KA"	TRUE	"no (not supported, 95% CI does not exclude zero)"	"broad word order"	"verb agr S&P suff ⇒ SV"
"fixed_intercept"	-4.033264	0.2009493	-4.4369467	-3.647291	1.002784	1796.587	"results/0357KA/brms.single/summary_clean_uncontrolled.txt"	"0357KA"	FALSE	"yes (supported, 95% CI excludes zero)"	"broad word order"	"VS & suff agr S ⇒ suff agr P "
"fixed_V3"	1.373978	0.2604346	0.8776724	1.899819	1.00204	1927.864	"results/0357KA/brms.single/summary_clean_uncontrolled.txt"	"0357KA"	FALSE	"yes (supported, 95% CI excludes zero)"	"broad word order"	"VS & suff agr S ⇒ suff agr P "
"fixed_intercept"	-1.42697742	0.1319008	-1.690073	-1.1758902	1.001884	3088.178	"results/0365KA/brms.single/summary_clean_uncontrolled.txt"	"0365KA"	FALSE	"yes (supported, 95% CI excludes zero)"	"broad word order"	"agr S & pref verb P ⇒ SV"
"fixed_V3"	0.04173649	0.1449432	-0.2382021	0.3364789	1.001049	3232.694	"results/0365KA/brms.single/summary_clean_uncontrolled.txt"	"0365KA"	TRUE	"no (not supported, 95% CI does not exclude zero)"	"broad word order"	"agr S & pref verb P ⇒ SV"
"fixed_intercept"	-0.9463935	0.1832083	-1.314042	-0.5969774	1.001698	3268.149	"results/0386KA/brms.single/summary_clean_uncontrolled.txt"	"0386KA"	FALSE	"yes (supported, 95% CI excludes zero)"	"hierarchy"	"nominal infl ⇒ verbal infl"
"fixed_V3"	2.5366086	0.19314	2.170136	2.9132267	1.002501	3092.09	"results/0386KA/brms.single/summary_clean_uncontrolled.txt"	"0386KA"	FALSE	"yes (supported, 95% CI excludes zero)"	"hierarchy"	"nominal infl ⇒ verbal infl"
"fixed_intercept"	-2.232332	0.2037527	-2.646067	-1.852379	1.001681	2786.865	"results/0423KA/brms.single/summary_clean_uncontrolled.txt"	"0423KA"	FALSE	"yes (supported, 95% CI excludes zero)"	"narrow word order"	"Adp-N & no SOV ⇒ N-Rel"
"fixed_V3"	2.728495	0.2108208	2.329612	3.163391	1.001932	2949.404	"results/0423KA/brms.single/summary_clean_uncontrolled.txt"	"0423KA"	FALSE	"yes (supported, 95% CI excludes zero)"	"narrow word order"	"Adp-N & no SOV ⇒ N-Rel"
"fixed_intercept"	-1.9787818	0.08434335	-2.14697206	-1.8171777	1.001849	3223.208	"results/0439KA/brms.single/summary_clean_uncontrolled.txt"	"0439KA"	FALSE	"yes (supported, 95% CI excludes zero)"	"broad word order"	"non-acc align ⇒ V-initial"
"fixed_V3"	0.3289564	0.20209864	-0.07621909	0.7142753	1.000714	3282.345	"results/0439KA/brms.single/summary_clean_uncontrolled.txt"	"0439KA"	TRUE	"no (not supported, 95% CI does not exclude zero)"	"broad word order"	"non-acc align ⇒ V-initial"
"fixed_intercept"	-0.6426188	0.07890129	-0.7959348	-0.4875245	1.002398	3381.35	"results/0446KA/brms.single/summary_clean_uncontrolled.txt"	"0446KA"	FALSE	"yes (supported, 95% CI excludes zero)"	"broad word order"	"V-final | free ⇒ N-Adp | case"
"fixed_V3"	2.1351368	0.11432074	1.9100463	2.3626598	1.000118	2988.707	"results/0446KA/brms.single/summary_clean_uncontrolled.txt"	"0446KA"	FALSE	"yes (supported, 95% CI excludes zero)"	"broad word order"	"V-final | free ⇒ N-Adp | case"
"fixed_intercept"	-2.1763461	0.1176822	-2.4069786	-1.9483235	0.9998714	2951.103	"results/0454KA/brms.single/summary_clean_uncontrolled.txt"	"0454KA"	FALSE	"yes (supported, 95% CI excludes zero)"	"broad word order"	"inalien poss pref ⇒ Gen-N"
"fixed_V3"	0.4823292	0.160298	0.1608897	0.7946385	0.9998046	2869.601	"results/0454KA/brms.single/summary_clean_uncontrolled.txt"	"0454KA"	FALSE	"yes (supported, 95% CI excludes zero)"	"broad word order"	"inalien poss pref ⇒ Gen-N"
"fixed_intercept"	-2.248003	0.1112641	-2.467316	-2.029952	1.001744	1962.396	"results/0489KA/brms.single/summary_clean_uncontrolled.txt"	"0489KA"	FALSE	"yes (supported, 95% CI excludes zero)"	"narrow word order"	"SOV ⇒ N-Adp"
"fixed_V3"	3.062277	0.1327466	2.803701	3.32091	1.001771	2124.744	"results/0489KA/brms.single/summary_clean_uncontrolled.txt"	"0489KA"	FALSE	"yes (supported, 95% CI excludes zero)"	"narrow word order"	"SOV ⇒ N-Adp"
"fixed_intercept"	-2.1245565	0.1237087	-2.3749408	-1.8840176	1.001024	2807.738	"results/0493aKA/brms.single/summary_clean_uncontrolled.txt"	"0493aKA"	FALSE	"yes (supported, 95% CI excludes zero)"	"narrow word order"	"Q-Sent ⇒ Adp-N"
"fixed_V3"	0.6008035	0.1531639	0.2906017	0.8973625	1.000938	2821.472	"results/0493aKA/brms.single/summary_clean_uncontrolled.txt"	"0493aKA"	FALSE	"yes (supported, 95% CI excludes zero)"	"narrow word order"	"Q-Sent ⇒ Adp-N"
"fixed_intercept"	-0.6112471	0.0770493	-0.7578451	-0.4625431	1.001277	3147.043	"results/0493bKA/brms.single/summary_clean_uncontrolled.txt"	"0493bKA"	FALSE	"yes (supported, 95% CI excludes zero)"	"narrow word order"	"Sent-Q ⇒ N-Adp"
"fixed_V3"	0.4310221	0.1068851	0.2245245	0.6388294	1.000618	3461.859	"results/0493bKA/brms.single/summary_clean_uncontrolled.txt"	"0493bKA"	FALSE	"yes (supported, 95% CI excludes zero)"	"narrow word order"	"Sent-Q ⇒ N-Adp"
"fixed_intercept"	-4.3056378	0.3517382	-5.037012271	-3.6835	1.001219	2196.839	"results/0504aKA/brms.single/summary_clean_uncontrolled.txt"	"0504aKA"	FALSE	"yes (supported, 95% CI excludes zero)"	"broad word order"	"prefixes ⇒ Adp-N"
"fixed_V3"	0.7491423	0.4118932	-0.006214772	1.617685	1.000844	2504.366	"results/0504aKA/brms.single/summary_clean_uncontrolled.txt"	"0504aKA"	TRUE	"no (not supported, 95% CI does not exclude zero)"	"broad word order"	"prefixes ⇒ Adp-N"
"fixed_intercept"	-2.360735	0.1296956	-2.619787	-2.115381	1.00187	2246.207	"results/0504bKA/brms.single/summary_clean_uncontrolled.txt"	"0504bKA"	FALSE	"yes (supported, 95% CI excludes zero)"	"broad word order"	"suffixes ⇒ N-Adp"
"fixed_V3"	1.352508	0.1605022	1.03947	1.675588	1.001078	2590.061	"results/0504bKA/brms.single/summary_clean_uncontrolled.txt"	"0504bKA"	FALSE	"yes (supported, 95% CI excludes zero)"	"broad word order"	"suffixes ⇒ N-Adp"
"fixed_intercept"	2.311516	0.5019517	1.4206054	3.37638	1.001188	3297.753	"results/0506KA/brms.single/summary_clean_uncontrolled.txt"	"0506KA"	FALSE	"yes (supported, 95% CI excludes zero)"	"other"	"inflection ⇒ word formation"
"fixed_V3"	1.654316	0.6548402	0.3469601	2.921812	1.002329	2077.294	"results/0506KA/brms.single/summary_clean_uncontrolled.txt"	"0506KA"	FALSE	"yes (supported, 95% CI excludes zero)"	"other"	"inflection ⇒ word formation"
"fixed_intercept"	-1.975763	0.1716159	-2.330361	-1.650804	1.000896	2504.439	"results/0507KA/brms.single/summary_clean_uncontrolled.txt"	"0507KA"	FALSE	"yes (supported, 95% CI excludes zero)"	"other"	"(person)-number ⇒ tense-mood"
"fixed_V3"	1.943196	0.1826019	1.595007	2.323644	1.000276	2899.671	"results/0507KA/brms.single/summary_clean_uncontrolled.txt"	"0507KA"	FALSE	"yes (supported, 95% CI excludes zero)"	"other"	"(person)-number ⇒ tense-mood"
"fixed_intercept"	-6.510073	0.656463	-8.005037	-5.433577	1.001801	1080.63	"results/0511aKA/brms.single/summary_clean_uncontrolled.txt"	"0511aKA"	FALSE	"yes (supported, 95% CI excludes zero)"	"hierarchy"	"Trial ⇒ Dual"
"fixed_V3"	3.684225	0.7227897	2.443389	5.278926	1.003078	1120.026	"results/0511aKA/brms.single/summary_clean_uncontrolled.txt"	"0511aKA"	FALSE	"yes (supported, 95% CI excludes zero)"	"hierarchy"	"Trial ⇒ Dual"
"fixed_intercept"	-3.690397	0.2853733	-4.326149	-3.180412	1.000386	1998.599	"results/0511bKA/brms.single/summary_clean_uncontrolled.txt"	"0511bKA"	FALSE	"yes (supported, 95% CI excludes zero)"	"hierarchy"	"Dual ⇒ Plural"
"fixed_V3"	1.96848	0.2958807	1.433876	2.600539	1.000629	2152.693	"results/0511bKA/brms.single/summary_clean_uncontrolled.txt"	"0511bKA"	FALSE	"yes (supported, 95% CI excludes zero)"	"hierarchy"	"Dual ⇒ Plural"
"fixed_intercept"	-1.171807	0.08632819	-1.3397674	-1.000942	1.00261	2778.394	"results/0513KA/brms.single/summary_clean_uncontrolled.txt"	"0513KA"	FALSE	"yes (supported, 95% CI excludes zero)"	"hierarchy"	"gender ⇒ number"
"fixed_V3"	1.108235	0.10090712	0.9060739	1.307223	1.002735	2727.261	"results/0513KA/brms.single/summary_clean_uncontrolled.txt"	"0513KA"	FALSE	"yes (supported, 95% CI excludes zero)"	"hierarchy"	"gender ⇒ number"
"fixed_intercept"	-1.335584	0.05984637	-1.455461	-1.22281	1.001403	3511.201	"results/0516KA/brms.single/summary_clean_uncontrolled.txt"	"0516KA"	FALSE	"yes (supported, 95% CI excludes zero)"	"hierarchy"	"gender noun ⇒ gender pron"
"fixed_V3"	2.503419	0.11877818	2.272985	2.732256	1.001075	3048.086	"results/0516KA/brms.single/summary_clean_uncontrolled.txt"	"0516KA"	FALSE	"yes (supported, 95% CI excludes zero)"	"hierarchy"	"gender noun ⇒ gender pron"
"fixed_intercept"	-5.626893	0.436045	-6.547684	-4.852288	1.003824	1352.23	"results/0517KA/brms.single/summary_clean_uncontrolled.txt"	"0517KA"	FALSE	"yes (supported, 95% CI excludes zero)"	"hierarchy"	"gender (1) ⇒ gender (2 &| 3)"
"fixed_V3"	2.667344	0.4845643	1.775283	3.684822	1.003345	1442.099	"results/0517KA/brms.single/summary_clean_uncontrolled.txt"	"0517KA"	FALSE	"yes (supported, 95% CI excludes zero)"	"hierarchy"	"gender (1) ⇒ gender (2 &| 3)"
"fixed_intercept"	-1.57847	0.08964141	-1.758596	-1.405086	1.001117	2832.32	"results/0521KA/brms.single/summary_clean_uncontrolled.txt"	"0521KA"	FALSE	"yes (supported, 95% CI excludes zero)"	"hierarchy"	"Adj agr noun ⇒ Dem agr noun"
"fixed_V3"	2.293028	0.122507	2.059591	2.535539	1.000761	3034.793	"results/0521KA/brms.single/summary_clean_uncontrolled.txt"	"0521KA"	FALSE	"yes (supported, 95% CI excludes zero)"	"hierarchy"	"Adj agr noun ⇒ Dem agr noun"
"fixed_intercept"	-3.370434	0.1540957	-3.678209	-3.073276	1.001925	1611.568	"results/0564KA/brms.single/summary_clean_uncontrolled.txt"	"0564KA"	FALSE	"yes (supported, 95% CI excludes zero)"	"hierarchy"	"Du (noun) ⇒ Du (pronoun)"
"fixed_V3"	2.717877	0.182297	2.361082	3.07967	1.001908	1797.927	"results/0564KA/brms.single/summary_clean_uncontrolled.txt"	"0564KA"	FALSE	"yes (supported, 95% CI excludes zero)"	"hierarchy"	"Du (noun) ⇒ Du (pronoun)"
"fixed_intercept"	-0.1496431	0.0605248	-0.2688816	-0.03069563	1.001394	3351.777	"results/0569KA/brms.single/summary_clean_uncontrolled.txt"	"0569KA"	FALSE	"yes (supported, 95% CI excludes zero)"	"other"	"no case (noun) ⇒ article"
"fixed_V3"	0.4860545	0.09056897	0.3135797	0.66419825	1.000894	3631.674	"results/0569KA/brms.single/summary_clean_uncontrolled.txt"	"0569KA"	FALSE	"yes (supported, 95% CI excludes zero)"	"other"	"no case (noun) ⇒ article"
"fixed_intercept"	-0.7631735	0.07898942	-0.9178546	-0.6123168	1.001208	3057.924	"results/0572KA/brms.single/summary_clean_uncontrolled.txt"	"0572KA"	FALSE	"yes (supported, 95% CI excludes zero)"	"other"	"obli (in)Def mark ⇒ obli PL mark"
"fixed_V3"	0.358966	0.09735694	0.1656534	0.5458358	1.002584	3357.157	"results/0572KA/brms.single/summary_clean_uncontrolled.txt"	"0572KA"	FALSE	"yes (supported, 95% CI excludes zero)"	"other"	"obli (in)Def mark ⇒ obli PL mark"
"fixed_intercept"	-0.2983666	0.05625625	-0.4086728	-0.1882552	1.00259	2833.921	"results/0573KA/brms.single/summary_clean_uncontrolled.txt"	"0573KA"	FALSE	"yes (supported, 95% CI excludes zero)"	"other"	"obli (in)Def mark ⇒ no obli NumCl"
"fixed_V3"	-0.3911802	0.11638836	-0.6195669	-0.1698768	1.001075	3103.837	"results/0573KA/brms.single/summary_clean_uncontrolled.txt"	"0573KA"	FALSE	"yes (supported, 95% CI excludes zero)"	"other"	"obli (in)Def mark ⇒ no obli NumCl"
"fixed_intercept"	-2.865236	0.1248432	-3.114535	-2.629914	1.001244	2339.7	"results/0577KA/brms.single/summary_clean_uncontrolled.txt"	"0577KA"	FALSE	"yes (supported, 95% CI excludes zero)"	"hierarchy"	"suppl infl noun ⇒ suppl infl Pron|verb"
"fixed_V3"	1.601559	0.2161426	1.170096	2.014796	1.001241	2656.86	"results/0577KA/brms.single/summary_clean_uncontrolled.txt"	"0577KA"	FALSE	"yes (supported, 95% CI excludes zero)"	"hierarchy"	"suppl infl noun ⇒ suppl infl Pron|verb"
"fixed_intercept"	0.8897905	0.07657633	0.7438755	1.039716	1.002094	3212.783	"results/0582KA/brms.single/summary_clean_uncontrolled.txt"	"0582KA"	FALSE	"yes (supported, 95% CI excludes zero)"	"hierarchy"	"infl (noun) ⇒ infl (pronoun)"
"fixed_V3"	0.8057776	0.10676695	0.6001761	1.017298	1.000501	3081.221	"results/0582KA/brms.single/summary_clean_uncontrolled.txt"	"0582KA"	FALSE	"yes (supported, 95% CI excludes zero)"	"hierarchy"	"infl (noun) ⇒ infl (pronoun)"
"fixed_intercept"	-2.663588	0.1288638	-2.924185	-2.406529	1.001616	1859.382	"results/0612KA/brms.single/summary_clean_uncontrolled.txt"	"0612KA"	FALSE	"yes (supported, 95% CI excludes zero)"	"broad word order"	"switch-reference ⇒ V-final"
"fixed_V3"	1.922662	0.1530941	1.625599	2.232044	1.002155	1946.917	"results/0612KA/brms.single/summary_clean_uncontrolled.txt"	"0612KA"	FALSE	"yes (supported, 95% CI excludes zero)"	"broad word order"	"switch-reference ⇒ V-final"
"fixed_intercept"	-0.5312631	0.06973468	-0.66966938	-0.3914719	1.000824	3166.96	"results/0668KA/brms.single/summary_clean_uncontrolled.txt"	"0668KA"	FALSE	"yes (supported, 95% CI excludes zero)"	"narrow word order"	"SOV ⇒ Sent-Q"
"fixed_V3"	0.2744721	0.10494123	0.06611195	0.4853425	1.000222	3119.396	"results/0668KA/brms.single/summary_clean_uncontrolled.txt"	"0668KA"	FALSE	"yes (supported, 95% CI excludes zero)"	"narrow word order"	"SOV ⇒ Sent-Q"
"fixed_intercept"	0.8803628	0.07416955	0.7343786	1.0275485	1.00123	2923.257	"results/0798KA/brms.single/summary_clean_uncontrolled.txt"	"0798KA"	FALSE	"yes (supported, 95% CI excludes zero)"	"other"	"tensed ⇒ N-like Pred Adj"
"fixed_V3"	-1.0796266	0.09909823	-1.2714291	-0.8823338	1.00146	3124.046	"results/0798KA/brms.single/summary_clean_uncontrolled.txt"	"0798KA"	FALSE	"yes (supported, 95% CI excludes zero)"	"other"	"tensed ⇒ N-like Pred Adj"
"fixed_intercept"	-2.4392741	0.1335432	-2.711134	-2.187916	1.0011281	2447.884	"results/0822KA/brms.single/summary_clean_uncontrolled.txt"	"0822KA"	FALSE	"yes (supported, 95% CI excludes zero)"	"broad word order"	"correlative Rel ⇒ V-final;"
"fixed_V3"	0.8901059	0.1812292	0.5453938	1.24639	0.9999853	3015.779	"results/0822KA/brms.single/summary_clean_uncontrolled.txt"	"0822KA"	FALSE	"yes (supported, 95% CI excludes zero)"	"broad word order"	"correlative Rel ⇒ V-final;"
"fixed_intercept"	-1.76930026	0.140508	-2.0486698	-1.5001161	1.000662	3411.351	"results/0837KA/brms.single/summary_clean_uncontrolled.txt"	"0837KA"	FALSE	"yes (supported, 95% CI excludes zero)"	"broad word order"	"VSO ⇒ person & number infl"
"fixed_V3"	-0.03183847	0.1644963	-0.3555194	0.2881926	1.000695	3584.976	"results/0837KA/brms.single/summary_clean_uncontrolled.txt"	"0837KA"	TRUE	"no (not supported, 95% CI does not exclude zero)"	"broad word order"	"VSO ⇒ person & number infl"
"fixed_intercept"	1.9815979	0.1899527	1.616794	2.3545721	1.001035	3264.142	"results/0889aKA/brms.single/summary_clean_uncontrolled.txt"	"0889aKA"	FALSE	"yes (supported, 95% CI excludes zero)"	"broad word order"	"OV ⇒ suffixes"
"fixed_V3"	-0.6086163	0.1995696	-1.002942	-0.2312892	1.001138	3373.857	"results/0889aKA/brms.single/summary_clean_uncontrolled.txt"	"0889aKA"	FALSE	"yes (supported, 95% CI excludes zero)"	"broad word order"	"OV ⇒ suffixes"
"fixed_intercept"	-0.3745058	0.08396929	-0.5415518	-0.2143459	1.000631	3100.97	"results/0889bKA/brms.single/summary_clean_uncontrolled.txt"	"0889bKA"	FALSE	"yes (supported, 95% CI excludes zero)"	"broad word order"	"VO ⇒ prefixes"
"fixed_V3"	0.8613342	0.09914352	0.668584	1.0621878	1.000605	3237.325	"results/0889bKA/brms.single/summary_clean_uncontrolled.txt"	"0889bKA"	FALSE	"yes (supported, 95% CI excludes zero)"	"broad word order"	"VO ⇒ prefixes"
"fixed_intercept"	0.09292485	0.055847	-0.01731108	0.1999482	1.001608	3755.058	"results/0917aKA/brms.single/summary_clean_uncontrolled.txt"	"0917aKA"	TRUE	"no (not supported, 95% CI does not exclude zero)"	"narrow word order"	"VO ⇒ Qpart-S"
"fixed_V3"	0.56105313	0.1542105	0.25943953	0.8665327	1.000091	3705.448	"results/0917aKA/brms.single/summary_clean_uncontrolled.txt"	"0917aKA"	FALSE	"yes (supported, 95% CI excludes zero)"	"narrow word order"	"VO ⇒ Qpart-S"
"fixed_intercept"	0.9122455	0.06761218	0.7819502	1.043629	1.000534	3508.745	"results/0917bKA/brms.single/summary_clean_uncontrolled.txt"	"0917bKA"	FALSE	"yes (supported, 95% CI excludes zero)"	"narrow word order"	"OV ⇒ Gen-N"
"fixed_V3"	1.6072716	0.14298418	1.3331159	1.890962	1.000738	2224.664	"results/0917bKA/brms.single/summary_clean_uncontrolled.txt"	"0917bKA"	FALSE	"yes (supported, 95% CI excludes zero)"	"narrow word order"	"OV ⇒ Gen-N"
"fixed_intercept"	1.2367479	0.07671513	1.089819	1.384601	1.001481	3634.738	"results/0917cKA/brms.single/summary_clean_uncontrolled.txt"	"0917cKA"	FALSE	"yes (supported, 95% CI excludes zero)"	"narrow word order"	"OV ⇒ Rel-N"
"fixed_V3"	0.9003388	0.1730522	0.5762158	1.244859	1.001583	3114.133	"results/0917cKA/brms.single/summary_clean_uncontrolled.txt"	"0917cKA"	FALSE	"yes (supported, 95% CI excludes zero)"	"narrow word order"	"OV ⇒ Rel-N"
"fixed_intercept"	0.005647594	0.05251224	-0.09876873	0.1090797	1.000852	3326.298	"results/0964aKA/brms.single/summary_clean_uncontrolled.txt"	"0964aKA"	TRUE	"no (not supported, 95% CI does not exclude zero)"	"narrow word order"	"VO ⇒ Art-N"
"fixed_V3"	1.104096334	0.11707592	0.87639801	1.3342949	1.000308	3224.665	"results/0964aKA/brms.single/summary_clean_uncontrolled.txt"	"0964aKA"	FALSE	"yes (supported, 95% CI excludes zero)"	"narrow word order"	"VO ⇒ Art-N"
"fixed_intercept"	1.250158	0.0631649	1.1253873	1.373965	1.000223	3551.373	"results/0964bKA/brms.single/summary_clean_uncontrolled.txt"	"0964bKA"	FALSE	"yes (supported, 95% CI excludes zero)"	"narrow word order"	"OV ⇒ N-Art"
"fixed_V3"	0.835478	0.1599216	0.5291606	1.153753	1.001014	2928.197	"results/0964bKA/brms.single/summary_clean_uncontrolled.txt"	"0964bKA"	FALSE	"yes (supported, 95% CI excludes zero)"	"narrow word order"	"OV ⇒ N-Art"
"fixed_intercept"	-1.163894	0.1031615	-1.3681059	-0.9642575	1.001625	2449.401	"results/0982KA/brms.single/summary_clean_uncontrolled.txt"	"0982KA"	FALSE	"yes (supported, 95% CI excludes zero)"	"broad word order"	"loc compa ⇒ SOV|VSO"
"fixed_V3"	0.66967	0.1356545	0.4058738	0.9386832	1.00269	2564.336	"results/0982KA/brms.single/summary_clean_uncontrolled.txt"	"0982KA"	FALSE	"yes (supported, 95% CI excludes zero)"	"broad word order"	"loc compa ⇒ SOV|VSO"
"fixed_intercept"	-1.485063	0.09809143	-1.676486	-1.297808	1.001378	2733.31	"results/0983KA/brms.single/summary_clean_uncontrolled.txt"	"0983KA"	FALSE	"yes (supported, 95% CI excludes zero)"	"broad word order"	"exceed compa ⇒ SVO"
"fixed_V3"	1.617059	0.13551972	1.352121	1.881401	1.003964	2676.688	"results/0983KA/brms.single/summary_clean_uncontrolled.txt"	"0983KA"	FALSE	"yes (supported, 95% CI excludes zero)"	"broad word order"	"exceed compa ⇒ SVO"
"fixed_intercept"	-1.426322	0.1162727	-1.661237	-1.205224	1.002818	2622.716	"results/1027aKA/brms.single/summary_clean_uncontrolled.txt"	"1027aKA"	FALSE	"yes (supported, 95% CI excludes zero)"	"broad word order"	"VO -⇒ nomorph tense | no case"
"fixed_V3"	2.165561	0.130624	1.919395	2.42359	1.00185	2750.079	"results/1027aKA/brms.single/summary_clean_uncontrolled.txt"	"1027aKA"	FALSE	"yes (supported, 95% CI excludes zero)"	"broad word order"	"VO -⇒ nomorph tense | no case"
"fixed_intercept"	-1.155214	0.1060657	-1.35852	-0.9520004	1.000832	3077.275	"results/1027bKA/brms.single/summary_clean_uncontrolled.txt"	"1027bKA"	FALSE	"yes (supported, 95% CI excludes zero)"	"broad word order"	"no morph tense -⇒ no case | VO"
"fixed_V3"	1.445055	0.1192838	1.208555	1.6765756	1.0008	3291.626	"results/1027bKA/brms.single/summary_clean_uncontrolled.txt"	"1027bKA"	FALSE	"yes (supported, 95% CI excludes zero)"	"broad word order"	"no morph tense -⇒ no case | VO"
"fixed_intercept"	-0.788783	0.09383064	-0.9777106	-0.6098841	1.000225	3167.229	"results/1027cKA/brms.single/summary_clean_uncontrolled.txt"	"1027cKA"	FALSE	"yes (supported, 95% CI excludes zero)"	"broad word order"	"no case ⇒ no morph tense | VO"
"fixed_V3"	2.171784	0.11736683	1.9441643	2.4097542	1.000365	3079.512	"results/1027cKA/brms.single/summary_clean_uncontrolled.txt"	"1027cKA"	FALSE	"yes (supported, 95% CI excludes zero)"	"broad word order"	"no case ⇒ no morph tense | VO"
"fixed_intercept"	1.239098	0.08782913	1.0718738	1.4143486	1.000891	4163.87	"results/1028aKA/brms.single/summary_clean_uncontrolled.txt"	"1028aKA"	FALSE	"yes (supported, 95% CI excludes zero)"	"broad word order"	"OV -⇒ morph tense | case"
"fixed_V3"	0.341378	0.11544239	0.1182842	0.5695209	1.000654	3682.679	"results/1028aKA/brms.single/summary_clean_uncontrolled.txt"	"1028aKA"	FALSE	"yes (supported, 95% CI excludes zero)"	"broad word order"	"OV -⇒ morph tense | case"
"fixed_intercept"	-0.4698578	0.1227537	-0.7092279	-0.2305199	1.001782	3640.443	"results/1028bKA/brms.single/summary_clean_uncontrolled.txt"	"1028bKA"	FALSE	"yes (supported, 95% CI excludes zero)"	"broad word order"	"morph tense ⇒ case | OV"
"fixed_V3"	0.6155247	0.1323462	0.3596523	0.8717265	1.002345	3430.705	"results/1028bKA/brms.single/summary_clean_uncontrolled.txt"	"1028bKA"	FALSE	"yes (supported, 95% CI excludes zero)"	"broad word order"	"morph tense ⇒ case | OV"
"fixed_intercept"	-1.5293393	0.1873313	-1.9103978	-1.177677	1.001315	2389.998	"results/1028cKA/brms.single/summary_clean_uncontrolled.txt"	"1028cKA"	FALSE	"yes (supported, 95% CI excludes zero)"	"broad word order"	"case ⇒ morph tense | OV"
"fixed_V3"	0.9593696	0.1935698	0.6017608	1.35217	1.001231	2619.042	"results/1028cKA/brms.single/summary_clean_uncontrolled.txt"	"1028cKA"	FALSE	"yes (supported, 95% CI excludes zero)"	"broad word order"	"case ⇒ morph tense | OV"
"fixed_intercept"	-0.9807682	0.05769464	-1.090054	-0.8694462	1.000601	3580.946	"results/1053KA/brms.single/summary_clean_uncontrolled.txt"	"1053KA"	FALSE	"yes (supported, 95% CI excludes zero)"	"hierarchy"	"agr Dets ⇒ agr Mods"
"fixed_V3"	2.2442186	0.10712876	2.034709	2.4472542	1.001458	3332.211	"results/1053KA/brms.single/summary_clean_uncontrolled.txt"	"1053KA"	FALSE	"yes (supported, 95% CI excludes zero)"	"hierarchy"	"agr Dets ⇒ agr Mods"
"fixed_intercept"	-0.319247	0.07931873	-0.478197	-0.1624319	1.000261	3498.11	"results/1111KA/brms.single/summary_clean_uncontrolled.txt"	"1111KA"	FALSE	"yes (supported, 95% CI excludes zero)"	"broad word order"	"no infl morph ⇒ fixed order args"
"fixed_V3"	0.6163169	0.09994584	0.4164036	0.8100705	1.000201	3432.055	"results/1111KA/brms.single/summary_clean_uncontrolled.txt"	"1111KA"	FALSE	"yes (supported, 95% CI excludes zero)"	"broad word order"	"no infl morph ⇒ fixed order args"
"fixed_intercept"	-0.3661769	0.08427852	-0.5292905	-0.2012959	1.000526	3501.036	"results/1114KA/brms.single/summary_clean_uncontrolled.txt"	"1114KA"	FALSE	"yes (supported, 95% CI excludes zero)"	"narrow word order"	"VO ⇒ Comp-S"
"fixed_V3"	1.8383898	0.15549429	1.540499	2.1530431	1.000395	2902.908	"results/1114KA/brms.single/summary_clean_uncontrolled.txt"	"1114KA"	FALSE	"yes (supported, 95% CI excludes zero)"	"narrow word order"	"VO ⇒ Comp-S"
"fixed_intercept"	0.2345699	0.07920539	0.0794129	0.38730231	1.000148	3415.357	"results/1142aKA/brms.single/summary_clean_uncontrolled.txt"	"1142aKA"	FALSE	"yes (supported, 95% CI excludes zero)"	"broad word order"	"passive ⇒ SVO"
"fixed_V3"	-0.1402612	0.12304175	-0.3806738	0.09637314	1.000708	3521.447	"results/1142aKA/brms.single/summary_clean_uncontrolled.txt"	"1142aKA"	TRUE	"no (not supported, 95% CI does not exclude zero)"	"broad word order"	"passive ⇒ SVO"
"fixed_intercept"	-0.2787854	0.074422	-0.4222375	-0.1324054	1.000876	3498.937	"results/1142bKA/brms.single/summary_clean_uncontrolled.txt"	"1142bKA"	FALSE	"yes (supported, 95% CI excludes zero)"	"broad word order"	"no passive ⇒ SOV"
"fixed_V3"	0.2757087	0.1240608	0.0320561	0.5191627	1.001804	3155.312	"results/1142bKA/brms.single/summary_clean_uncontrolled.txt"	"1142bKA"	FALSE	"yes (supported, 95% CI excludes zero)"	"broad word order"	"no passive ⇒ SOV"
"fixed_intercept"	1.514433	0.1534701	1.218361	1.81687	1.000787	3283.407	"results/1152KA/brms.single/summary_clean_uncontrolled.txt"	"1152KA"	FALSE	"yes (supported, 95% CI excludes zero)"	"narrow word order"	"Rel-N ⇒ N-Rel"
"fixed_V3"	-3.111965	0.169817	-3.446766	-2.775713	1.000643	3139.805	"results/1152KA/brms.single/summary_clean_uncontrolled.txt"	"1152KA"	FALSE	"yes (supported, 95% CI excludes zero)"	"narrow word order"	"Rel-N ⇒ N-Rel"
"fixed_intercept"	-2.805951	0.1243177	-3.059067	-2.568326	1.003555	1743.18	"results/1163KA/brms.single/summary_clean_uncontrolled.txt"	"1163KA"	FALSE	"yes (supported, 95% CI excludes zero)"	"hierarchy"	"indefinite Art ⇒ definite Art"
"fixed_V3"	1.942678	0.1506794	1.653105	2.246217	1.003217	1854.769	"results/1163KA/brms.single/summary_clean_uncontrolled.txt"	"1163KA"	FALSE	"yes (supported, 95% CI excludes zero)"	"hierarchy"	"indefinite Art ⇒ definite Art"
"fixed_intercept"	-0.7575477	0.06942547	-0.8969162	-0.6200652	1.000849	3031.933	"results/1216KA/brms.single/summary_clean_uncontrolled.txt"	"1216KA"	FALSE	"yes (supported, 95% CI excludes zero)"	"broad word order"	"N-Adp ⇒ case (noun)"
"fixed_V3"	1.3838528	0.09890628	1.1886459	1.575257	1.001936	3556.538	"results/1216KA/brms.single/summary_clean_uncontrolled.txt"	"1216KA"	FALSE	"yes (supported, 95% CI excludes zero)"	"broad word order"	"N-Adp ⇒ case (noun)"
"fixed_intercept"	-2.321108	0.1314872	-2.597323	-2.074845	1.001181	2050.258	"results/1267aKA/brms.single/summary_clean_uncontrolled.txt"	"1267aKA"	FALSE	"yes (supported, 95% CI excludes zero)"	"broad word order"	"ergative ⇒ VSO | SOV"
"fixed_V3"	1.578708	0.1522717	1.285579	1.89397	1.000732	2268.401	"results/1267aKA/brms.single/summary_clean_uncontrolled.txt"	"1267aKA"	FALSE	"yes (supported, 95% CI excludes zero)"	"broad word order"	"ergative ⇒ VSO | SOV"
"fixed_intercept"	-2.26745	0.1876897	-2.639251	-1.915818	1.001388	2415.506	"results/1267bKA/brms.single/summary_clean_uncontrolled.txt"	"1267bKA"	FALSE	"yes (supported, 95% CI excludes zero)"	"broad word order"	"SVO ⇒ not ergative"
"fixed_V3"	2.230309	0.1940579	1.862126	2.620454	1.000804	2693.387	"results/1267bKA/brms.single/summary_clean_uncontrolled.txt"	"1267bKA"	FALSE	"yes (supported, 95% CI excludes zero)"	"broad word order"	"SVO ⇒ not ergative"
"fixed_intercept"	-2.8443386	0.1613266	-3.1700705	-2.548292	1.001546	2738.293	"results/1334aKA/brms.single/summary_clean_uncontrolled.txt"	"1334aKA"	FALSE	"yes (supported, 95% CI excludes zero)"	"narrow word order"	"Adp-N & Rel-N ⇒ Gen-N"
"fixed_V3"	0.2927196	0.2262746	-0.1437785	0.7365699	1.003559	2700.612	"results/1334aKA/brms.single/summary_clean_uncontrolled.txt"	"1334aKA"	TRUE	"no (not supported, 95% CI does not exclude zero)"	"narrow word order"	"Adp-N & Rel-N ⇒ Gen-N"
"fixed_intercept"	-3.6776965	0.1973452	-4.08079913	-3.302309	1.001424	3061.922	"results/1334bKA/brms.single/summary_clean_uncontrolled.txt"	"1334bKA"	FALSE	"yes (supported, 95% CI excludes zero)"	"narrow word order"	"Adp-N & Rel-N & Gen-N ⇒ Adj-N"
"fixed_V3"	0.7074634	0.3218919	0.05403665	1.328184	1.001757	3071.181	"results/1334bKA/brms.single/summary_clean_uncontrolled.txt"	"1334bKA"	FALSE	"yes (supported, 95% CI excludes zero)"	"narrow word order"	"Adp-N & Rel-N & Gen-N ⇒ Adj-N"
"fixed_intercept"	-5.87874	0.647441	-7.3251494	-4.790758	1.005059	1542.744	"results/1334cKA/brms.single/summary_clean_uncontrolled.txt"	"1334cKA"	FALSE	"yes (supported, 95% CI excludes zero)"	"narrow word order"	"Ap-N & RC-N & Ge-N & Aj-N ⇒ Dm-N"
"fixed_V3"	2.214947	0.6928586	0.9710313	3.714039	1.003886	1637.085	"results/1334cKA/brms.single/summary_clean_uncontrolled.txt"	"1334cKA"	FALSE	"yes (supported, 95% CI excludes zero)"	"narrow word order"	"Ap-N & RC-N & Ge-N & Aj-N ⇒ Dm-N"
"fixed_intercept"	-0.2119831	0.08682006	-0.3801642	-0.04200066	1.000995	3451.017	"results/1341KA/brms.single/summary_clean_uncontrolled.txt"	"1341KA"	FALSE	"yes (supported, 95% CI excludes zero)"	"other"	"verb reci/refl ⇒ verb agr S"
"fixed_V3"	0.9481449	0.11017281	0.7364517	1.17038414	1.000723	3377.163	"results/1341KA/brms.single/summary_clean_uncontrolled.txt"	"1341KA"	FALSE	"yes (supported, 95% CI excludes zero)"	"other"	"verb reci/refl ⇒ verb agr S"
"fixed_intercept"	-1.3766258	0.07285066	-1.5200158	-1.232175	1.001167	2919.097	"results/1349KA/brms.single/summary_clean_uncontrolled.txt"	"1349KA"	FALSE	"yes (supported, 95% CI excludes zero)"	"other"	"weak PL ⇒ Num Cl"
"fixed_V3"	0.8278883	0.11939452	0.5864938	1.059912	1.000471	2990.964	"results/1349KA/brms.single/summary_clean_uncontrolled.txt"	"1349KA"	FALSE	"yes (supported, 95% CI excludes zero)"	"other"	"weak PL ⇒ Num Cl"
"fixed_intercept"	-0.5402829	0.07238742	-0.6825352	-0.4019427	1.000843	2936.191	"results/1372KA/brms.single/summary_clean_uncontrolled.txt"	"1372KA"	FALSE	"yes (supported, 95% CI excludes zero)"	"broad word order"	"verb HAVE ⇒ SVO"
"fixed_V3"	0.5213929	0.11025096	0.3065621	0.734185	1.000827	3757.894	"results/1372KA/brms.single/summary_clean_uncontrolled.txt"	"1372KA"	FALSE	"yes (supported, 95% CI excludes zero)"	"broad word order"	"verb HAVE ⇒ SVO"
"fixed_intercept"	-0.7650583	0.08686994	-0.9376992	-0.5958637	1.001437	3024.799	"results/1415KA/brms.single/summary_clean_uncontrolled.txt"	"1415KA"	FALSE	"yes (supported, 95% CI excludes zero)"	"other"	"poss agr ⇒ verb agr S"
"fixed_V3"	1.1369563	0.10898865	0.9216714	1.3539004	1.001045	2953.303	"results/1415KA/brms.single/summary_clean_uncontrolled.txt"	"1415KA"	FALSE	"yes (supported, 95% CI excludes zero)"	"other"	"poss agr ⇒ verb agr S"
"fixed_intercept"	-1.2580903	0.09624479	-1.44817278	-1.073182	1.001165	3055.032	"results/1427KA/brms.single/summary_clean_uncontrolled.txt"	"1427KA"	FALSE	"yes (supported, 95% CI excludes zero)"	"other"	"no prefix ⇒ inflectional local cases"
"fixed_V3"	0.3141337	0.12584394	0.06470595	0.558527	1.000573	3083.912	"results/1427KA/brms.single/summary_clean_uncontrolled.txt"	"1427KA"	FALSE	"yes (supported, 95% CI excludes zero)"	"other"	"no prefix ⇒ inflectional local cases"
"fixed_intercept"	0.08806376	0.07057864	-0.0503141	0.2229182	1.003288	3190.287	"results/1430KA/brms.single/summary_clean_uncontrolled.txt"	"1430KA"	TRUE	"no (not supported, 95% CI does not exclude zero)"	"other"	"N-poss suff ⇒ no PRS Cop"
"fixed_V3"	0.45047522	0.11142831	0.2308895	0.6657375	1.001312	3323.554	"results/1430KA/brms.single/summary_clean_uncontrolled.txt"	"1430KA"	FALSE	"yes (supported, 95% CI excludes zero)"	"other"	"N-poss suff ⇒ no PRS Cop"
"fixed_intercept"	0.7918994	0.07791665	0.6388092	0.9428857	1.001659	3587.013	"results/1431mKA/brms.single/summary_clean_uncontrolled.txt"	"1431mKA"	FALSE	"yes (supported, 95% CI excludes zero)"	"other"	"less case ⇒ more tense"
"fixed_V3"	-0.9501345	0.10150575	-1.1533732	-0.7570852	1.002655	3624.066	"results/1431mKA/brms.single/summary_clean_uncontrolled.txt"	"1431mKA"	FALSE	"yes (supported, 95% CI excludes zero)"	"other"	"less case ⇒ more tense"
"fixed_intercept"	-0.3847906	0.1054197	-0.5951219	-0.1766091	1.00217	3256.897	"results/1431nKA/brms.single/summary_clean_uncontrolled.txt"	"1431nKA"	FALSE	"yes (supported, 95% CI excludes zero)"	"other"	"more case ⇒ less tense"
"fixed_V3"	-0.597012	0.1222438	-0.8316434	-0.3506939	1.000338	3215.232	"results/1431nKA/brms.single/summary_clean_uncontrolled.txt"	"1431nKA"	FALSE	"yes (supported, 95% CI excludes zero)"	"other"	"more case ⇒ less tense"
"fixed_intercept"	-1.4939111	0.116774	-1.7291945	-1.27062	1.000793	2677.892	"results/1434KA/brms.single/summary_clean_uncontrolled.txt"	"1434KA"	FALSE	"yes (supported, 95% CI excludes zero)"	"other"	"many tenses ⇒ no aspect"
"fixed_V3"	0.9467361	0.13289020000000001	0.6964667	1.211946	1.000642	2933.627	"results/1434KA/brms.single/summary_clean_uncontrolled.txt"	"1434KA"	FALSE	"yes (supported, 95% CI excludes zero)"	"other"	"many tenses ⇒ no aspect"
"fixed_intercept"	0.451302	0.08204558	0.2896684	0.61289918	1.001003	3331.655	"results/1436KA/brms.single/summary_clean_uncontrolled.txt"	"1436KA"	FALSE	"yes (supported, 95% CI excludes zero)"	"broad word order"	"N-Adj ⇒ PRS overt cop"
"fixed_V3"	-0.1504559	0.10201769	-0.3534807	0.05121587	1.000256	3208.803	"results/1436KA/brms.single/summary_clean_uncontrolled.txt"	"1436KA"	TRUE	"no (not supported, 95% CI does not exclude zero)"	"broad word order"	"N-Adj ⇒ PRS overt cop"
"fixed_intercept"	0.1041411	0.05438112	-0.001301727	0.2111207	1.00123	3427.192	"results/1499KA/brms.single/summary_clean_uncontrolled.txt"	"1499KA"	TRUE	"no (not supported, 95% CI does not exclude zero)"	"other"	"SVC ⇒ little infl"
"fixed_V3"	1.2087929	0.28707524	0.667109843	1.7805405	1.001084	3514.943	"results/1499KA/brms.single/summary_clean_uncontrolled.txt"	"1499KA"	FALSE	"yes (supported, 95% CI excludes zero)"	"other"	"SVC ⇒ little infl"
"fixed_intercept"	-1.76971113	0.1004782	-1.9688409	-1.5755911	1.001723	3044.506	"results/1531KA/brms.single/summary_clean_uncontrolled.txt"	"1531KA"	FALSE	"yes (supported, 95% CI excludes zero)"	"broad word order"	"V-initial ⇒ prefixes"
"fixed_V3"	0.06519443	0.1454511	-0.2277905	0.3440018	1.000793	3231.679	"results/1531KA/brms.single/summary_clean_uncontrolled.txt"	"1531KA"	TRUE	"no (not supported, 95% CI does not exclude zero)"	"broad word order"	"V-initial ⇒ prefixes"
"fixed_intercept"	-1.952693	0.08124534	-2.1140507	-1.796135	1.000996	3409.66	"results/1534KA/brms.single/summary_clean_uncontrolled.txt"	"1534KA"	FALSE	"yes (supported, 95% CI excludes zero)"	"narrow word order"	"V-initial ⇒ Q-Sent"
"fixed_V3"	0.757859	0.17719449	0.4091645	1.099123	1.000534	3453.352	"results/1534KA/brms.single/summary_clean_uncontrolled.txt"	"1534KA"	FALSE	"yes (supported, 95% CI excludes zero)"	"narrow word order"	"V-initial ⇒ Q-Sent"
"fixed_intercept"	-2.1174732	0.130142	-2.3781312	-1.867717	1.002216	2186.289	"results/1537KA/brms.single/summary_clean_uncontrolled.txt"	"1537KA"	FALSE	"yes (supported, 95% CI excludes zero)"	"narrow word order"	"V-initial ⇒ C-Sent"
"fixed_V3"	0.6718491	0.1790714	0.3365054	1.023419	1.002487	2649.364	"results/1537KA/brms.single/summary_clean_uncontrolled.txt"	"1537KA"	FALSE	"yes (supported, 95% CI excludes zero)"	"narrow word order"	"V-initial ⇒ C-Sent"
"fixed_intercept"	-2.404653	0.207229	-2.8461735	-2.018132	1.001408	2515.198	"results/1544KA/brms.single/summary_clean_uncontrolled.txt"	"1544KA"	FALSE	"yes (supported, 95% CI excludes zero)"	"broad word order"	"V-initial ⇒ verbal case"
"fixed_V3"	0.691872	0.221449	0.2784555	1.145745	1.000783	2664.837	"results/1544KA/brms.single/summary_clean_uncontrolled.txt"	"1544KA"	FALSE	"yes (supported, 95% CI excludes zero)"	"broad word order"	"V-initial ⇒ verbal case"
"fixed_intercept"	-1.606754	0.07945746	-1.764862	-1.452674	1.002128	4067.298	"results/1545KA/brms.single/summary_clean_uncontrolled.txt"	"1545KA"	FALSE	"yes (supported, 95% CI excludes zero)"	"narrow word order"	"V-initial ⇒ N-Dem-Num-Adj"
"fixed_V3"	-1.868033	0.26754197	-2.427928	-1.371783	1.005454	1598.505	"results/1545KA/brms.single/summary_clean_uncontrolled.txt"	"1545KA"	FALSE	"yes (supported, 95% CI excludes zero)"	"narrow word order"	"V-initial ⇒ N-Dem-Num-Adj"
"fixed_intercept"	-0.2580738	0.06379872	-0.3859213	-0.1345685	1.000962	3229.909	"results/1546aKA/brms.single/summary_clean_uncontrolled.txt"	"1546aKA"	FALSE	"yes (supported, 95% CI excludes zero)"	"broad word order"	"V-final ⇒ more Adj-N agr"
"fixed_V3"	-0.6184241	0.10834308	-0.8287508	-0.4123605	1.002221	2938.389	"results/1546aKA/brms.single/summary_clean_uncontrolled.txt"	"1546aKA"	FALSE	"yes (supported, 95% CI excludes zero)"	"broad word order"	"V-final ⇒ more Adj-N agr"
"fixed_intercept"	-2.053886	0.1197503	-2.2912218	-1.8220003	1.001119	3058.531	"results/1546bKA/brms.single/summary_clean_uncontrolled.txt"	"1546bKA"	FALSE	"yes (supported, 95% CI excludes zero)"	"broad word order"	"V-initial ⇒ less Adj-N agr"
"fixed_V3"	0.236589	0.1517764	-0.06408077	0.5307148	1.001072	3071.629	"results/1546bKA/brms.single/summary_clean_uncontrolled.txt"	"1546bKA"	TRUE	"no (not supported, 95% CI does not exclude zero)"	"broad word order"	"V-initial ⇒ less Adj-N agr"
"fixed_intercept"	-1.0872251	0.1138868	-1.3140679	-0.8667445	1.000145	3345.278	"results/1548aKA/brms.single/summary_clean_uncontrolled.txt"	"1548aKA"	FALSE	"yes (supported, 95% CI excludes zero)"	"broad word order"	"V-final ⇒ no several Art"
"fixed_V3"	0.7400088	0.1246842	0.5034404	0.9854006	1.00001	3386.63	"results/1548aKA/brms.single/summary_clean_uncontrolled.txt"	"1548aKA"	FALSE	"yes (supported, 95% CI excludes zero)"	"broad word order"	"V-final ⇒ no several Art"
"fixed_intercept"	-1.9996122	0.07453818	-2.1433724	-1.855387	1.0013654	2938.124	"results/1548bKA/brms.single/summary_clean_uncontrolled.txt"	"1548bKA"	FALSE	"yes (supported, 95% CI excludes zero)"	"broad word order"	"V-initial ⇒ several Art"
"fixed_V3"	0.8032915	0.14085906	0.5253944	1.077117	0.9999617	2945.76	"results/1548bKA/brms.single/summary_clean_uncontrolled.txt"	"1548bKA"	FALSE	"yes (supported, 95% CI excludes zero)"	"broad word order"	"V-initial ⇒ several Art"
"fixed_intercept"	-2.480911	0.1099212	-2.694617	-2.267207	1.002708	2159.045	"results/1549KA/brms.single/summary_clean_uncontrolled.txt"	"1549KA"	FALSE	"yes (supported, 95% CI excludes zero)"	"narrow word order"	"V-initial ⇒ N-Gen"
"fixed_V3"	1.327629	0.1395485	1.049463	1.606985	1.004278	2540.965	"results/1549KA/brms.single/summary_clean_uncontrolled.txt"	"1549KA"	FALSE	"yes (supported, 95% CI excludes zero)"	"narrow word order"	"V-initial ⇒ N-Gen"
"fixed_intercept"	-4.040403	0.469626	-5.056414	-3.21091	1.001841	1574.247	"results/1550KA/brms.single/summary_clean_uncontrolled.txt"	"1550KA"	FALSE	"yes (supported, 95% CI excludes zero)"	"narrow word order"	"V-initial ⇒ N-Rel"
"fixed_V3"	2.482617	0.4727753	1.648717	3.51352	1.001549	1678.407	"results/1550KA/brms.single/summary_clean_uncontrolled.txt"	"1550KA"	FALSE	"yes (supported, 95% CI excludes zero)"	"narrow word order"	"V-initial ⇒ N-Rel"
"fixed_intercept"	-2.1734938	0.1039921	-2.378438	-1.970558	1.003555	2388.14	"results/1559KA/brms.single/summary_clean_uncontrolled.txt"	"1559KA"	FALSE	"yes (supported, 95% CI excludes zero)"	"broad word order"	"V-initial ⇒ passive voice"
"fixed_V3"	0.8004119	0.1401673	0.528242	1.079672	1.001457	2572.998	"results/1559KA/brms.single/summary_clean_uncontrolled.txt"	"1559KA"	FALSE	"yes (supported, 95% CI excludes zero)"	"broad word order"	"V-initial ⇒ passive voice"
"fixed_intercept"	-1.26782	0.08859271	-1.444679	-1.0982415	1.000803	3750.065	"results/1561KA/brms.single/summary_clean_uncontrolled.txt"	"1561KA"	FALSE	"yes (supported, 95% CI excludes zero)"	"broad word order"	"V-initial ⇒ no overt copula"
"fixed_V3"	-1.187738	0.14676112	-1.4787	-0.9014782	1.002493	2525.859	"results/1561KA/brms.single/summary_clean_uncontrolled.txt"	"1561KA"	FALSE	"yes (supported, 95% CI excludes zero)"	"broad word order"	"V-initial ⇒ no overt copula"
"fixed_intercept"	-0.5951251	0.07360672	-0.7390743	-0.4552643	1.000113	3361.427	"results/1586KA/brms.single/summary_clean_uncontrolled.txt"	"1586KA"	FALSE	"yes (supported, 95% CI excludes zero)"	"other"	"Poss head-m ⇒ alien-ina opp"
"fixed_V3"	1.4599446	0.11264331	1.2364438	1.686248	1.00157	3072.774	"results/1586KA/brms.single/summary_clean_uncontrolled.txt"	"1586KA"	FALSE	"yes (supported, 95% CI excludes zero)"	"other"	"Poss head-m ⇒ alien-ina opp"
"fixed_intercept"	-0.7959584	0.06762452	-0.9265095	-0.6621501	1.001994	3149.338	"results/1589KA/brms.single/summary_clean_uncontrolled.txt"	"1589KA"	FALSE	"yes (supported, 95% CI excludes zero)"	"broad word order"	"V-final ⇒ postp & suff"
"fixed_V3"	0.86805619999999994	0.11570121	0.6416232	1.0951795	1.000687	3005.646	"results/1589KA/brms.single/summary_clean_uncontrolled.txt"	"1589KA"	FALSE	"yes (supported, 95% CI excludes zero)"	"broad word order"	"V-final ⇒ postp & suff"
"fixed_intercept"	-2.546104	0.1358331	-2.822255	-2.287275	1.002104	1970.818	"results/1591KA/brms.single/summary_clean_uncontrolled.txt"	"1591KA"	FALSE	"yes (supported, 95% CI excludes zero)"	"broad word order"	"int Rel ⇒ SOV"
"fixed_V3"	1.433766	0.1761208	1.092188	1.792953	1.003031	2245.552	"results/1591KA/brms.single/summary_clean_uncontrolled.txt"	"1591KA"	FALSE	"yes (supported, 95% CI excludes zero)"	"broad word order"	"int Rel ⇒ SOV"
"fixed_intercept"	-2.455205	0.1367672	-2.7307287	-2.1984	1.001679	2061.525	"results/1592KA/brms.single/summary_clean_uncontrolled.txt"	"1592KA"	FALSE	"yes (supported, 95% CI excludes zero)"	"broad word order"	"int Rel ⇒ left-branching NP"
"fixed_V3"	1.095409	0.1715691	0.7651594	1.436046	1.001167	2403.333	"results/1592KA/brms.single/summary_clean_uncontrolled.txt"	"1592KA"	FALSE	"yes (supported, 95% CI excludes zero)"	"broad word order"	"int Rel ⇒ left-branching NP"
"fixed_intercept"	-2.3753513	0.2170147	-2.8192526	-1.973074	1.001869	2864.842	"results/1593KA/brms.single/summary_clean_uncontrolled.txt"	"1593KA"	FALSE	"yes (supported, 95% CI excludes zero)"	"other"	"int Rel ⇒ null anaphora"
"fixed_V3"	0.5568242	0.2406802	0.1004294	1.049585	1.000816	3095.92	"results/1593KA/brms.single/summary_clean_uncontrolled.txt"	"1593KA"	FALSE	"yes (supported, 95% CI excludes zero)"	"other"	"int Rel ⇒ null anaphora"
"fixed_intercept"	-0.002715762	0.06567488	-0.1298816	0.1222999	1.000606	3408.504	"results/1610KA/brms.single/summary_clean_uncontrolled.txt"	"1610KA"	TRUE	"no (not supported, 95% CI does not exclude zero)"	"broad word order"	"patient agr ⇒ V-initial|V-final"
"fixed_V3"	0.01937651	0.09139588	-0.1617934	0.1966752	1.000843	3108.295	"results/1610KA/brms.single/summary_clean_uncontrolled.txt"	"1610KA"	TRUE	"no (not supported, 95% CI does not exclude zero)"	"broad word order"	"patient agr ⇒ V-initial|V-final"
"fixed_intercept"	-1.477713	0.09651326	-1.672184	-1.291778	1.001786	2701.508	"results/1611KA/brms.single/summary_clean_uncontrolled.txt"	"1611KA"	FALSE	"yes (supported, 95% CI excludes zero)"	"hierarchy"	"P agr verb ⇒ A agr verb"
"fixed_V3"	2.224307	0.11335989	2.001312	2.444761	1.000446	3035.453	"results/1611KA/brms.single/summary_clean_uncontrolled.txt"	"1611KA"	FALSE	"yes (supported, 95% CI excludes zero)"	"hierarchy"	"P agr verb ⇒ A agr verb"
"fixed_intercept"	-4.6365170000000004	0.270244	-5.196888	-4.146446	1.001665	2261.54	"results/1612aKA/brms.single/summary_clean_uncontrolled.txt"	"1612aKA"	FALSE	"yes (supported, 95% CI excludes zero)"	"broad word order"	"SOV & N-Art ⇒ N-Art agr"
"fixed_V3"	1.006413	0.4503261	0.1246572	1.864069	1.00111	2327.634	"results/1612aKA/brms.single/summary_clean_uncontrolled.txt"	"1612aKA"	FALSE	"yes (supported, 95% CI excludes zero)"	"broad word order"	"SOV & N-Art ⇒ N-Art agr"
"fixed_intercept"	-1.3194857	0.07905572	-1.477187	-1.1672824	1.001229	3623.276	"results/1612bKA/brms.single/summary_clean_uncontrolled.txt"	"1612bKA"	FALSE	"yes (supported, 95% CI excludes zero)"	"broad word order"	"SOV & N-Adj ⇒ N-Adj agr"
"fixed_V3"	-0.3667752	0.13480192	-0.6289715	-0.1094754	1.00127	3294.912	"results/1612bKA/brms.single/summary_clean_uncontrolled.txt"	"1612bKA"	FALSE	"yes (supported, 95% CI excludes zero)"	"broad word order"	"SOV & N-Adj ⇒ N-Adj agr"
"fixed_intercept"	-1.18523	0.06411852	-1.3119	-1.059905	1.002091	3697.69	"results/1612cKA/brms.single/summary_clean_uncontrolled.txt"	"1612cKA"	FALSE	"yes (supported, 95% CI excludes zero)"	"broad word order"	"SOV & N-Num ⇒ N-Num agr"
"fixed_V3"	-1.531579	0.23499134	-2.014833	-1.086059	1.001695	2369.69	"results/1612cKA/brms.single/summary_clean_uncontrolled.txt"	"1612cKA"	FALSE	"yes (supported, 95% CI excludes zero)"	"broad word order"	"SOV & N-Num ⇒ N-Num agr"
"fixed_intercept"	-1.892125	0.09904747	-2.0887736	-1.697345	1.000821	3209.955	"results/1612dKA/brms.single/summary_clean_uncontrolled.txt"	"1612dKA"	FALSE	"yes (supported, 95% CI excludes zero)"	"broad word order"	"SOV & N-Dem ⇒ N-Dem agr"
"fixed_V3"	-0.6343886	0.16779047	-0.9843874	-0.326464	1.000518	2729.31	"results/1612dKA/brms.single/summary_clean_uncontrolled.txt"	"1612dKA"	FALSE	"yes (supported, 95% CI excludes zero)"	"broad word order"	"SOV & N-Dem ⇒ N-Dem agr"
"fixed_intercept"	4.8493026	0.5932955	3.813435	6.154486	1.00031	3295.302	"results/1621KA/brms.single/summary_clean_uncontrolled.txt"	"1621KA"	FALSE	"yes (supported, 95% CI excludes zero)"	"other"	"Adj ⇒ no sortal Cl"
"fixed_V3"	0.6456712	0.7625594	-0.924178	2.133973	1.000587	2553.891	"results/1621KA/brms.single/summary_clean_uncontrolled.txt"	"1621KA"	TRUE	"no (not supported, 95% CI does not exclude zero)"	"other"	"Adj ⇒ no sortal Cl"
"fixed_intercept"	-0.2688429	0.06513265	-0.3950004	-0.1388433	1.000397	3100.937	"results/1653KA/brms.single/summary_clean_uncontrolled.txt"	"1653KA"	FALSE	"yes (supported, 95% CI excludes zero)"	"other"	"non-tensed ⇒ no cop nom Pred"
"fixed_V3"	0.5340893	0.09794173	0.339023	0.7284165	1.001528	2832.297	"results/1653KA/brms.single/summary_clean_uncontrolled.txt"	"1653KA"	FALSE	"yes (supported, 95% CI excludes zero)"	"other"	"non-tensed ⇒ no cop nom Pred"
"fixed_intercept"	-2.597627	0.1544077	-2.902125	-2.299529	1.001782	2022.316	"results/1667aKA/brms.single/summary_clean_uncontrolled.txt"	"1667aKA"	FALSE	"yes (supported, 95% CI excludes zero)"	"narrow word order"	"S-Comp ⇒ SOV"
"fixed_V3"	1.363205	0.2032877	0.963153	1.76292	1.001098	2166.561	"results/1667aKA/brms.single/summary_clean_uncontrolled.txt"	"1667aKA"	FALSE	"yes (supported, 95% CI excludes zero)"	"narrow word order"	"S-Comp ⇒ SOV"
"fixed_intercept"	-0.4699137	0.06998277	-0.6063651	-0.3302481	1.001006	3436.115	"results/1667bKA/brms.single/summary_clean_uncontrolled.txt"	"1667bKA"	FALSE	"yes (supported, 95% CI excludes zero)"	"narrow word order"	"Comp-S ⇒ VSO"
"fixed_V3"	0.6675941	0.17957485	0.3161711	1.0209304	1.000515	3234.514	"results/1667bKA/brms.single/summary_clean_uncontrolled.txt"	"1667bKA"	FALSE	"yes (supported, 95% CI excludes zero)"	"narrow word order"	"Comp-S ⇒ VSO"
"fixed_intercept"	-2.379217	0.180608	-2.738186	-2.045006	1.00141	2250.67	"results/1741KA/brms.single/summary_clean_uncontrolled.txt"	"1741KA"	FALSE	"yes (supported, 95% CI excludes zero)"	"other"	"Gen pref ⇒ verbal prefs"
"fixed_V3"	1.66355	0.1909883	1.304386	2.049326	1.00102	2541.975	"results/1741KA/brms.single/summary_clean_uncontrolled.txt"	"1741KA"	FALSE	"yes (supported, 95% CI excludes zero)"	"other"	"Gen pref ⇒ verbal prefs"
"fixed_intercept"	-1.235611	0.08560565	-1.403884	-1.069699	1.001039	3447.454	"results/1827KA/brms.single/summary_clean_uncontrolled.txt"	"1827KA"	FALSE	"yes (supported, 95% CI excludes zero)"	"narrow word order"	"Rel-N | Adj-N ⇒ Gen-N"
"fixed_V3"	1.826746	0.12044512	1.600798	2.066204	1.000081	3497.248	"results/1827KA/brms.single/summary_clean_uncontrolled.txt"	"1827KA"	FALSE	"yes (supported, 95% CI excludes zero)"	"narrow word order"	"Rel-N | Adj-N ⇒ Gen-N"
"fixed_intercept"	-1.814024	0.1017807	-2.024593	-1.618806	1.000262	2616.614	"results/1994aKA/brms.single/summary_clean_uncontrolled.txt"	"1994aKA"	FALSE	"yes (supported, 95% CI excludes zero)"	"broad word order"	"non-affix Gen-N ⇒ N-Adp"
"fixed_V3"	1.304025	0.1281009	1.055585	1.5596	1.000768	2780.289	"results/1994aKA/brms.single/summary_clean_uncontrolled.txt"	"1994aKA"	FALSE	"yes (supported, 95% CI excludes zero)"	"broad word order"	"non-affix Gen-N ⇒ N-Adp"
"fixed_intercept"	-0.9781725	0.06556613	-1.1042017	-0.8503213	1.001291	3291.086	"results/1994bKA/brms.single/summary_clean_uncontrolled.txt"	"1994bKA"	FALSE	"yes (supported, 95% CI excludes zero)"	"broad word order"	"non-affixed Gen-N ⇒ OV"
"fixed_V3"	-0.5744395	0.1547426	-0.8739087	-0.2693134	1.001502	3061.288	"results/1994bKA/brms.single/summary_clean_uncontrolled.txt"	"1994bKA"	FALSE	"yes (supported, 95% CI excludes zero)"	"broad word order"	"non-affixed Gen-N ⇒ OV"
"fixed_intercept"	-1.3442436	0.07839818	-1.501829	-1.1941226	1.001485	2753.61	"results/1994cKA/brms.single/summary_clean_uncontrolled.txt"	"1994cKA"	FALSE	"yes (supported, 95% CI excludes zero)"	"broad word order"	"non-aff Gen-N ⇒ verb pref pers num"
"fixed_V3"	0.4922837	0.11677333	0.2654945	0.7274718	1.001784	2922.429	"results/1994cKA/brms.single/summary_clean_uncontrolled.txt"	"1994cKA"	FALSE	"yes (supported, 95% CI excludes zero)"	"broad word order"	"non-aff Gen-N ⇒ verb pref pers num"
"fixed_intercept"	-1.8861297	0.1710024	-2.2295447	-1.570065	1.002313	2876.8	"results/1994dKA/brms.single/summary_clean_uncontrolled.txt"	"1994dKA"	FALSE	"yes (supported, 95% CI excludes zero)"	"broad word order"	"non-aff Gen-N ⇒ Adj-N"
"fixed_V3"	0.9143096	0.1799556	0.5792068	1.285998	1.002427	3158.952	"results/1994dKA/brms.single/summary_clean_uncontrolled.txt"	"1994dKA"	FALSE	"yes (supported, 95% CI excludes zero)"	"broad word order"	"non-aff Gen-N ⇒ Adj-N"
"fixed_intercept"	-1.9362296	0.1181458	-2.1692322	-1.7110105	1.002495	2438.765	"results/2012KA/brms.single/summary_clean_uncontrolled.txt"	"2012KA"	FALSE	"yes (supported, 95% CI excludes zero)"	"other"	"switch-reference ⇒ accusitive"
"fixed_V3"	0.5099687	0.1599109	0.2077153	0.8271229	1.001461	3114.409	"results/2012KA/brms.single/summary_clean_uncontrolled.txt"	"2012KA"	FALSE	"yes (supported, 95% CI excludes zero)"	"other"	"switch-reference ⇒ accusitive"
"fixed_intercept"	-1.9239516	0.08771864	-2.0987935136	-1.7537489	1.000058		"results/1560KA/brms.single/summary_clean_uncontrolled.txt"	"1560KA"	FALSE	"yes (supported, 95% CI excludes zero)"	"broad word order"	"V-ini ⇒ no verb agr | agr 2 NPs"
"fixed_V3"	0.2961053	0.15064742	2.223407e-4	0.5893927	1.0018		"results/1560KA/brms.single/summary_clean_uncontrolled.txt"	"1560KA"	FALSE	"yes (supported, 95% CI excludes zero)"	"broad word order"	"V-ini ⇒ no verb agr | agr 2 NPs"
